CREATE DATABASE  IF NOT EXISTS `jcp_auth` /*!40100 DEFAULT CHARACTER SET utf8mb4 COLLATE utf8mb4_0900_ai_ci */ /*!80016 DEFAULT ENCRYPTION='N' */;
USE `jcp_auth`;
-- MySQL dump 10.13  Distrib 8.0.21, for macos10.15 (x86_64)
--
-- Host: localhost    Database: jcp_auth
-- ------------------------------------------------------
-- Server version	8.0.26

/*!40101 SET @OLD_CHARACTER_SET_CLIENT=@@CHARACTER_SET_CLIENT */;
/*!40101 SET @OLD_CHARACTER_SET_RESULTS=@@CHARACTER_SET_RESULTS */;
/*!40101 SET @OLD_COLLATION_CONNECTION=@@COLLATION_CONNECTION */;
/*!50503 SET NAMES utf8 */;
/*!40103 SET @OLD_TIME_ZONE=@@TIME_ZONE */;
/*!40103 SET TIME_ZONE='+00:00' */;
/*!40014 SET @OLD_UNIQUE_CHECKS=@@UNIQUE_CHECKS, UNIQUE_CHECKS=0 */;
/*!40014 SET @OLD_FOREIGN_KEY_CHECKS=@@FOREIGN_KEY_CHECKS, FOREIGN_KEY_CHECKS=0 */;
/*!40101 SET @OLD_SQL_MODE=@@SQL_MODE, SQL_MODE='NO_AUTO_VALUE_ON_ZERO' */;
/*!40111 SET @OLD_SQL_NOTES=@@SQL_NOTES, SQL_NOTES=0 */;

--
-- Dumping data for table `ADMIN_EVENT_ENTITY`
--

LOCK TABLES `ADMIN_EVENT_ENTITY` WRITE;
/*!40000 ALTER TABLE `ADMIN_EVENT_ENTITY` DISABLE KEYS */;
/*!40000 ALTER TABLE `ADMIN_EVENT_ENTITY` ENABLE KEYS */;
UNLOCK TABLES;

--
-- Dumping data for table `ASSOCIATED_POLICY`
--

LOCK TABLES `ASSOCIATED_POLICY` WRITE;
/*!40000 ALTER TABLE `ASSOCIATED_POLICY` DISABLE KEYS */;
/*!40000 ALTER TABLE `ASSOCIATED_POLICY` ENABLE KEYS */;
UNLOCK TABLES;

--
-- Dumping data for table `AUTHENTICATION_EXECUTION`
--

LOCK TABLES `AUTHENTICATION_EXECUTION` WRITE;
/*!40000 ALTER TABLE `AUTHENTICATION_EXECUTION` DISABLE KEYS */;
INSERT INTO `AUTHENTICATION_EXECUTION` VALUES ('008ee0d8-fa5c-4eb8-85ea-6781099ae51e',NULL,'client-secret','master','f598bf67-3e85-4a33-813a-138c5187e444',2,10,_binary '\0',NULL,NULL),('0115e95b-84db-4fe7-abdd-b2db6a2231a0',NULL,'idp-confirm-link','master','17e02261-ac7c-4237-a94b-7430d9213805',0,10,_binary '\0',NULL,NULL),('01b93484-84c4-40f5-be48-d57c11708fb4',NULL,'reset-credential-email','JCP','a4845541-d8a6-44f8-b5d0-68319e2d2d8f',0,20,_binary '\0',NULL,NULL),('02820c4a-8a58-4225-8114-bfbb849496e0',NULL,'docker-http-basic-authenticator','JCP','4fa58e6b-7c92-429c-a077-68c868883d00',0,10,_binary '\0',NULL,NULL),('04b5412b-c8b7-4a9b-848d-9531462e9108',NULL,'idp-create-user-if-unique','JCP','b7cebdae-b540-4565-bc05-2089bf2bb6b6',2,10,_binary '\0',NULL,'bf966ed3-595d-48a2-851c-90626b6142a1'),('052387a9-6341-4717-970d-ab9590f84418',NULL,'registration-profile-action','JCP','dc853715-bd63-4c1a-9908-c3b185ea5bcb',0,40,_binary '\0',NULL,NULL),('06e0cb0a-35e3-4b8b-9a04-3cd53b74ca66',NULL,NULL,'JCP','4fa61955-eb46-4983-a96a-35778526ef76',0,20,_binary '','52d1d14e-8108-474d-81d5-cb0c2e927945',NULL),('1021ad5a-f894-46d4-8deb-bb8081324ab7',NULL,'client-jwt','master','f598bf67-3e85-4a33-813a-138c5187e444',2,20,_binary '\0',NULL,NULL),('13b144e4-d959-41c1-9f73-904e3414a33a',NULL,NULL,'JCP','64a34332-ffe6-4242-b108-397331605b03',2,30,_binary '','c13659f9-36f9-4866-9db5-ffd10c13ed44',NULL),('16a437be-807b-4524-9dc4-a9d53019f561',NULL,NULL,'JCP','a4845541-d8a6-44f8-b5d0-68319e2d2d8f',1,40,_binary '','b8308163-4757-4966-9e8f-0ca3f530d1f1',NULL),('18c8edf8-5494-4ab2-ad83-00d3d28d112c',NULL,'conditional-user-configured','master','f0fce0a3-2c58-4266-9cc1-f0c1bf24810e',0,10,_binary '\0',NULL,NULL),('1ad35a0b-d133-4640-962d-7bb93daa6ad1',NULL,'reset-credentials-choose-user','master','13cc5645-b27f-4a87-8807-d3094162d708',0,10,_binary '\0',NULL,NULL),('1c4ee2d1-718b-410a-a4e7-232c3b09d05c',NULL,'direct-grant-validate-username','JCP','211f5877-358b-4d81-ada2-6ca1599d25f9',0,10,_binary '\0',NULL,NULL),('22f42802-6ca4-4590-a081-f7583d29cbe4',NULL,'auth-username-password-form','master','c79f2259-2adc-446a-a047-106e8d2e2447',0,10,_binary '\0',NULL,NULL),('23436587-e424-435e-b824-46648bc1c81b',NULL,'idp-email-verification','JCP','4a206ba7-abfd-455e-a05d-197ca64bf615',2,10,_binary '\0',NULL,NULL),('27a5c724-ffbe-4a65-81f5-4f8112b21806',NULL,'conditional-user-configured','master','ab6089a6-e506-42ef-8486-61795785d1ba',0,10,_binary '\0',NULL,NULL),('2803bd8b-956c-40f2-a904-6000481c3b4f',NULL,'conditional-user-configured','JCP','657f3fae-769f-450e-ae45-c81b66a9d0c0',0,10,_binary '\0',NULL,NULL),('29fd292b-ffc1-4b05-a5d4-7f7edc569561',NULL,'registration-page-form','JCP','49ba5b5d-47ce-4ed5-8125-010c6aa3e549',0,10,_binary '','dc853715-bd63-4c1a-9908-c3b185ea5bcb',NULL),('2d2d6692-28ba-43f0-85c3-fbc01df6196c',NULL,'registration-recaptcha-action','JCP','dc853715-bd63-4c1a-9908-c3b185ea5bcb',3,60,_binary '\0',NULL,NULL),('2eda2c11-73c6-41be-ba4d-d6078e0c22b0',NULL,'client-jwt','JCP','fdde9c81-a77f-4c16-bdbe-5b7abbab5210',2,20,_binary '\0',NULL,NULL),('31af1324-2201-4d9e-8f85-36fec2d24a34',NULL,'registration-page-form','master','1ba221c9-1a4b-4cf4-bc36-dc9520fdbbf4',0,10,_binary '','b20aa1fa-657c-493b-b9a4-52f6c8a1dd28',NULL),('34e689e8-4181-4223-a41d-ee6bdb65c585',NULL,NULL,'JCP','de31f941-ca71-400c-9391-1c7cc8b72770',0,20,_binary '','4a206ba7-abfd-455e-a05d-197ca64bf615',NULL),('35a7528f-052b-4c89-a272-a340b36b143c',NULL,'idp-review-profile','master','9d359884-0fad-4f87-951b-6e1c2f69b9d7',0,10,_binary '\0',NULL,'87b20961-8073-46b6-a93b-fd32dec9bf7f'),('382e7b8b-ef4b-49b1-ae61-bfe19ddd5441',NULL,'basic-auth','master','5cb15efd-1b27-4f23-bb38-700d75a46154',0,10,_binary '\0',NULL,NULL),('38a32519-99c4-491f-b515-2997a0fbab00',NULL,NULL,'master','c79f2259-2adc-446a-a047-106e8d2e2447',1,20,_binary '','5fc9410d-105e-45c1-ae15-83301c827251',NULL),('39017266-d6a4-4b34-9d49-db820f4f470b',NULL,'client-secret-jwt','master','f598bf67-3e85-4a33-813a-138c5187e444',2,30,_binary '\0',NULL,NULL),('40fab414-e795-40e5-b250-fc8daf2d5d42',NULL,NULL,'master','3ba2d195-347b-45e5-b9ef-e45e0497da53',2,30,_binary '','c79f2259-2adc-446a-a047-106e8d2e2447',NULL),('41102ca7-7942-4739-9564-dcb53bec8f53',NULL,'auth-otp-form','master','5fc9410d-105e-45c1-ae15-83301c827251',0,20,_binary '\0',NULL,NULL),('41439b18-b06e-4657-bbd2-b904d691e62e',NULL,'reset-password','JCP','a4845541-d8a6-44f8-b5d0-68319e2d2d8f',0,30,_binary '\0',NULL,NULL),('42c92277-081f-4e69-9758-fa992deac7b4',NULL,'conditional-user-configured','JCP','b8308163-4757-4966-9e8f-0ca3f530d1f1',0,10,_binary '\0',NULL,NULL),('4346d0bb-9cf9-493e-a09d-dd766d04af44',NULL,NULL,'JCP','211f5877-358b-4d81-ada2-6ca1599d25f9',1,30,_binary '','2f9a439a-b758-4b08-9f02-dff0fb4e515b',NULL),('43affd75-365f-4123-acbf-f8fe0356cf87',NULL,NULL,'master','f5ead2a4-e9e7-4a81-abc1-3d733261cffe',2,20,_binary '','7903520b-4864-435f-90c6-734ca7e21f58',NULL),('447a5a5e-550e-4447-927a-c890ecd85a4a',NULL,'auth-otp-form','master','ab6089a6-e506-42ef-8486-61795785d1ba',0,20,_binary '\0',NULL,NULL),('46130963-88dc-4305-a15f-e78e77e6aa2c',NULL,'auth-otp-form','JCP','0d5fbb81-cec8-4ff6-a5d0-f720c4f6961a',0,20,_binary '\0',NULL,NULL),('46e97329-1ca3-4ad3-af0d-d227b7f4edaa',NULL,'registration-password-action','master','b20aa1fa-657c-493b-b9a4-52f6c8a1dd28',0,50,_binary '\0',NULL,NULL),('4c2b2066-d69a-4e75-85b1-eb37db51c228',NULL,'conditional-user-configured','JCP','0d5fbb81-cec8-4ff6-a5d0-f720c4f6961a',0,10,_binary '\0',NULL,NULL),('4de36ce9-59e5-4114-853b-c97a3eaf1775',NULL,'conditional-user-configured','master','7e21db91-cf8c-4b7f-bfdf-5e96b56fdce5',0,10,_binary '\0',NULL,NULL),('565a1db4-062d-4dfb-a44b-56a6f6b212c1',NULL,NULL,'master','30c6a256-79e9-4192-b5c1-3db9826c4ee8',1,30,_binary '','7e21db91-cf8c-4b7f-bfdf-5e96b56fdce5',NULL),('578621ec-8c22-4ac1-b8ff-e7b60f077184',NULL,'idp-username-password-form','JCP','2a2a2371-1d4d-448e-b6dc-e706b234a24b',0,10,_binary '\0',NULL,NULL),('57fec0bd-220d-47e9-a6c5-e52ca4c02b90',NULL,'auth-cookie','JCP','64a34332-ffe6-4242-b108-397331605b03',2,10,_binary '\0',NULL,NULL),('5b46b05c-058d-4c57-9c70-99c1610c44a5',NULL,'docker-http-basic-authenticator','master','8a8283c7-f134-459d-8533-6d28156462ed',0,10,_binary '\0',NULL,NULL),('5bbd6f74-70e1-4b64-80cc-d6eff4f7d586',NULL,'conditional-user-configured','master','5fc9410d-105e-45c1-ae15-83301c827251',0,10,_binary '\0',NULL,NULL),('5ce25722-3e89-431a-801f-7cfd3790f5b7',NULL,'auth-spnego','JCP','52d1d14e-8108-474d-81d5-cb0c2e927945',3,30,_binary '\0',NULL,NULL),('5d08c453-f9b0-4c85-91fb-35de186fa50c',NULL,'client-x509','master','f598bf67-3e85-4a33-813a-138c5187e444',2,40,_binary '\0',NULL,NULL),('5e44b32f-5d31-4674-a593-8d9a515b033a',NULL,'registration-user-creation','master','b20aa1fa-657c-493b-b9a4-52f6c8a1dd28',0,20,_binary '\0',NULL,NULL),('64e323a9-527f-4e65-8642-9f587da10a77',NULL,'basic-auth-otp','JCP','52d1d14e-8108-474d-81d5-cb0c2e927945',3,20,_binary '\0',NULL,NULL),('684698cd-810b-47da-af0f-7f4f0cf2e815',NULL,'conditional-user-configured','JCP','2f9a439a-b758-4b08-9f02-dff0fb4e515b',0,10,_binary '\0',NULL,NULL),('6acbf204-1b39-451d-9630-18238c6e12e8',NULL,'reset-credentials-choose-user','JCP','a4845541-d8a6-44f8-b5d0-68319e2d2d8f',0,10,_binary '\0',NULL,NULL),('6df54f60-98a9-4dbe-bd41-c971bebd305f',NULL,'client-x509','JCP','fdde9c81-a77f-4c16-bdbe-5b7abbab5210',2,40,_binary '\0',NULL,NULL),('76ba082b-84ee-4283-8fc7-7eb1e86798ed',NULL,NULL,'JCP','b7cebdae-b540-4565-bc05-2089bf2bb6b6',2,20,_binary '','de31f941-ca71-400c-9391-1c7cc8b72770',NULL),('7b2cb188-c5f8-4f52-b619-759d42a3cf79',NULL,'idp-review-profile','JCP','e079d674-49ff-489e-a32a-1bafdcee1036',0,10,_binary '\0',NULL,'38ad782c-f46f-4090-9203-38eebd139659'),('7bb6fff7-4137-428a-9d5d-b828e1186e74',NULL,'client-secret-jwt','JCP','fdde9c81-a77f-4c16-bdbe-5b7abbab5210',2,30,_binary '\0',NULL,NULL),('7edc8bc8-dab1-4548-8872-8b685a30302a',NULL,'idp-create-user-if-unique','master','57b28816-0fe4-46a7-8627-6fb4e979acf0',2,10,_binary '\0',NULL,'68a4eef3-b978-4426-9c3d-5ee96e63da6d'),('7f659147-f7ef-41de-ade8-2eec886bede2',NULL,NULL,'JCP','c13659f9-36f9-4866-9db5-ffd10c13ed44',1,20,_binary '','657f3fae-769f-450e-ae45-c81b66a9d0c0',NULL),('7f7b5d02-3cc9-45e2-b864-a9f03593923c',NULL,'auth-spnego','JCP','64a34332-ffe6-4242-b108-397331605b03',3,20,_binary '\0',NULL,NULL),('8265c28c-00b8-46e7-8187-de218b8459eb',NULL,NULL,'master','17e02261-ac7c-4237-a94b-7430d9213805',0,20,_binary '','f5ead2a4-e9e7-4a81-abc1-3d733261cffe',NULL),('87b2fd46-e972-4c36-b20f-a82cd75382e1',NULL,'reset-credential-email','master','13cc5645-b27f-4a87-8807-d3094162d708',0,20,_binary '\0',NULL,NULL),('8be5a0bc-6dae-469e-a392-22e3518526ce',NULL,NULL,'master','9d359884-0fad-4f87-951b-6e1c2f69b9d7',0,20,_binary '','57b28816-0fe4-46a7-8627-6fb4e979acf0',NULL),('8d492e6a-c235-4d4b-891a-6478ab6563fc',NULL,'direct-grant-validate-password','JCP','211f5877-358b-4d81-ada2-6ca1599d25f9',0,20,_binary '\0',NULL,NULL),('8fe5561e-eb35-41a6-a1c8-987da20fa73a',NULL,'idp-confirm-link','JCP','de31f941-ca71-400c-9391-1c7cc8b72770',0,10,_binary '\0',NULL,NULL),('92bbbebb-aac6-4c82-9cf8-4c07ddd04f6a',NULL,'no-cookie-redirect','master','57d68bd7-fbf7-4d61-b2c9-d6016fd0f3d9',0,10,_binary '\0',NULL,NULL),('9a6efb71-8567-4286-89d2-172ad88b3d70',NULL,'direct-grant-validate-password','master','30c6a256-79e9-4192-b5c1-3db9826c4ee8',0,20,_binary '\0',NULL,NULL),('9af5e163-c46c-4724-8c6a-e27c105720d4',NULL,'identity-provider-redirector','JCP','64a34332-ffe6-4242-b108-397331605b03',2,25,_binary '\0',NULL,NULL),('a2ac8223-a526-4abf-b99f-f0d98b5010d4',NULL,NULL,'master','57b28816-0fe4-46a7-8627-6fb4e979acf0',2,20,_binary '','17e02261-ac7c-4237-a94b-7430d9213805',NULL),('a506c142-ffd0-4ba8-8845-68ade962534d',NULL,NULL,'master','13cc5645-b27f-4a87-8807-d3094162d708',1,40,_binary '','f0fce0a3-2c58-4266-9cc1-f0c1bf24810e',NULL),('a54ac5b8-af58-4e91-b3d0-f8d4518ceb6a',NULL,'direct-grant-validate-otp','master','7e21db91-cf8c-4b7f-bfdf-5e96b56fdce5',0,20,_binary '\0',NULL,NULL),('a682f431-a456-4e7b-979c-3fee7d4abcf8',NULL,NULL,'master','57d68bd7-fbf7-4d61-b2c9-d6016fd0f3d9',0,20,_binary '','5cb15efd-1b27-4f23-bb38-700d75a46154',NULL),('a96cd6e1-354c-4401-8cc0-66509aafb986',NULL,'idp-username-password-form','master','7903520b-4864-435f-90c6-734ca7e21f58',0,10,_binary '\0',NULL,NULL),('aa65917c-985e-4843-b72e-c6bc626fb745',NULL,'direct-grant-validate-otp','JCP','2f9a439a-b758-4b08-9f02-dff0fb4e515b',0,20,_binary '\0',NULL,NULL),('ad488272-5e85-4ffb-8c8c-2c0e2988ce8a',NULL,'auth-username-password-form','JCP','c13659f9-36f9-4866-9db5-ffd10c13ed44',0,10,_binary '\0',NULL,NULL),('aea5003d-c4a6-434c-921a-9c8dd619eb16',NULL,NULL,'master','7903520b-4864-435f-90c6-734ca7e21f58',1,20,_binary '','ab6089a6-e506-42ef-8486-61795785d1ba',NULL),('b07367d5-ee19-4c64-9f29-844413b1028c',NULL,'auth-cookie','master','3ba2d195-347b-45e5-b9ef-e45e0497da53',2,10,_binary '\0',NULL,NULL),('b0ddc94e-e18f-461a-a689-bd0efc38c34e',NULL,'no-cookie-redirect','JCP','4fa61955-eb46-4983-a96a-35778526ef76',0,10,_binary '\0',NULL,NULL),('c5c0576f-5d65-49a8-ac9d-5e955b10827c',NULL,'idp-email-verification','master','f5ead2a4-e9e7-4a81-abc1-3d733261cffe',2,10,_binary '\0',NULL,NULL),('c8bb623c-1431-454a-840b-03899560dba3',NULL,'auth-spnego','master','3ba2d195-347b-45e5-b9ef-e45e0497da53',3,20,_binary '\0',NULL,NULL),('c9cb4898-8ad9-4a06-b353-f613477b14f0',NULL,'identity-provider-redirector','master','3ba2d195-347b-45e5-b9ef-e45e0497da53',2,25,_binary '\0',NULL,NULL),('ca03d078-7657-47fd-9dea-c9163bf7e05d',NULL,'registration-user-creation','JCP','dc853715-bd63-4c1a-9908-c3b185ea5bcb',0,20,_binary '\0',NULL,NULL),('cd28622d-0913-4aeb-9fdb-0e07eba4c0cb',NULL,'client-secret','JCP','fdde9c81-a77f-4c16-bdbe-5b7abbab5210',2,10,_binary '\0',NULL,NULL),('cfbfd872-f50c-4888-8557-4d7819fc70c5',NULL,'registration-profile-action','master','b20aa1fa-657c-493b-b9a4-52f6c8a1dd28',0,40,_binary '\0',NULL,NULL),('d8a9a8a8-bff4-4e7d-9333-8215258e4dba',NULL,'auth-spnego','master','5cb15efd-1b27-4f23-bb38-700d75a46154',3,30,_binary '\0',NULL,NULL),('da065290-b702-462d-82d1-3ce5f6be88ac',NULL,NULL,'JCP','e079d674-49ff-489e-a32a-1bafdcee1036',0,20,_binary '','b7cebdae-b540-4565-bc05-2089bf2bb6b6',NULL),('dc6a4244-844b-469e-be3b-0c7665e94bf4',NULL,'reset-otp','master','f0fce0a3-2c58-4266-9cc1-f0c1bf24810e',0,20,_binary '\0',NULL,NULL),('df12de48-b8d8-4a41-a06a-263117da0be5',NULL,'registration-recaptcha-action','master','b20aa1fa-657c-493b-b9a4-52f6c8a1dd28',3,60,_binary '\0',NULL,NULL),('e3968e36-ce07-4782-8433-ae7ffc376419',NULL,'basic-auth-otp','master','5cb15efd-1b27-4f23-bb38-700d75a46154',3,20,_binary '\0',NULL,NULL),('e3ad3991-3c1f-4cf5-a277-2d3753fbf5c8',NULL,'direct-grant-validate-username','master','30c6a256-79e9-4192-b5c1-3db9826c4ee8',0,10,_binary '\0',NULL,NULL),('e4750efb-555a-47b5-83d0-16c97dcb0503',NULL,'basic-auth','JCP','52d1d14e-8108-474d-81d5-cb0c2e927945',0,10,_binary '\0',NULL,NULL),('e64dc544-e901-44e3-98c6-7388383b2d17',NULL,'http-basic-authenticator','master','4a839904-b830-4a7b-9635-5c34b6f33205',0,10,_binary '\0',NULL,NULL),('e7bacf14-61a0-4697-a358-5e5505bef5ec',NULL,NULL,'JCP','2a2a2371-1d4d-448e-b6dc-e706b234a24b',1,20,_binary '','0d5fbb81-cec8-4ff6-a5d0-f720c4f6961a',NULL),('f20b28ca-c110-4fe5-9764-3fda6b3d92a7',NULL,NULL,'JCP','4a206ba7-abfd-455e-a05d-197ca64bf615',2,20,_binary '','2a2a2371-1d4d-448e-b6dc-e706b234a24b',NULL),('f91bfaec-6bd4-41e5-8063-13cb3f936896',NULL,'registration-password-action','JCP','dc853715-bd63-4c1a-9908-c3b185ea5bcb',0,50,_binary '\0',NULL,NULL),('f9fe9146-7d6b-4e0c-800a-ec1daf080c82',NULL,'auth-otp-form','JCP','657f3fae-769f-450e-ae45-c81b66a9d0c0',0,20,_binary '\0',NULL,NULL),('fcc2050e-62ad-4c35-bdf0-c2ddbab42017',NULL,'http-basic-authenticator','JCP','8c280e49-0a81-41a0-9087-7b7be9dd12c1',0,10,_binary '\0',NULL,NULL),('fdd2a2f2-b078-4649-8548-70da1b6041f3',NULL,'reset-password','master','13cc5645-b27f-4a87-8807-d3094162d708',0,30,_binary '\0',NULL,NULL),('fea4a1b7-580a-43fe-b7be-2325f1e035df',NULL,'reset-otp','JCP','b8308163-4757-4966-9e8f-0ca3f530d1f1',0,20,_binary '\0',NULL,NULL);
/*!40000 ALTER TABLE `AUTHENTICATION_EXECUTION` ENABLE KEYS */;
UNLOCK TABLES;

--
-- Dumping data for table `AUTHENTICATION_FLOW`
--

LOCK TABLES `AUTHENTICATION_FLOW` WRITE;
/*!40000 ALTER TABLE `AUTHENTICATION_FLOW` DISABLE KEYS */;
INSERT INTO `AUTHENTICATION_FLOW` VALUES ('0d5fbb81-cec8-4ff6-a5d0-f720c4f6961a','First broker login - Conditional OTP','Flow to determine if the OTP is required for the authentication','JCP','basic-flow',_binary '\0',_binary ''),('13cc5645-b27f-4a87-8807-d3094162d708','reset credentials','Reset credentials for a user if they forgot their password or something','master','basic-flow',_binary '',_binary ''),('17e02261-ac7c-4237-a94b-7430d9213805','Handle Existing Account','Handle what to do if there is existing account with same email/username like authenticated identity provider','master','basic-flow',_binary '\0',_binary ''),('1ba221c9-1a4b-4cf4-bc36-dc9520fdbbf4','registration','registration flow','master','basic-flow',_binary '',_binary ''),('211f5877-358b-4d81-ada2-6ca1599d25f9','direct grant','OpenID Connect Resource Owner Grant','JCP','basic-flow',_binary '',_binary ''),('2a2a2371-1d4d-448e-b6dc-e706b234a24b','Verify Existing Account by Re-authentication','Reauthentication of existing account','JCP','basic-flow',_binary '\0',_binary ''),('2f9a439a-b758-4b08-9f02-dff0fb4e515b','Direct Grant - Conditional OTP','Flow to determine if the OTP is required for the authentication','JCP','basic-flow',_binary '\0',_binary ''),('30c6a256-79e9-4192-b5c1-3db9826c4ee8','direct grant','OpenID Connect Resource Owner Grant','master','basic-flow',_binary '',_binary ''),('3ba2d195-347b-45e5-b9ef-e45e0497da53','browser','browser based authentication','master','basic-flow',_binary '',_binary ''),('49ba5b5d-47ce-4ed5-8125-010c6aa3e549','registration','registration flow','JCP','basic-flow',_binary '',_binary ''),('4a206ba7-abfd-455e-a05d-197ca64bf615','Account verification options','Method with which to verity the existing account','JCP','basic-flow',_binary '\0',_binary ''),('4a839904-b830-4a7b-9635-5c34b6f33205','saml ecp','SAML ECP Profile Authentication Flow','master','basic-flow',_binary '',_binary ''),('4fa58e6b-7c92-429c-a077-68c868883d00','docker auth','Used by Docker clients to authenticate against the IDP','JCP','basic-flow',_binary '',_binary ''),('4fa61955-eb46-4983-a96a-35778526ef76','http challenge','An authentication flow based on challenge-response HTTP Authentication Schemes','JCP','basic-flow',_binary '',_binary ''),('52d1d14e-8108-474d-81d5-cb0c2e927945','Authentication Options','Authentication options.','JCP','basic-flow',_binary '\0',_binary ''),('57b28816-0fe4-46a7-8627-6fb4e979acf0','User creation or linking','Flow for the existing/non-existing user alternatives','master','basic-flow',_binary '\0',_binary ''),('57d68bd7-fbf7-4d61-b2c9-d6016fd0f3d9','http challenge','An authentication flow based on challenge-response HTTP Authentication Schemes','master','basic-flow',_binary '',_binary ''),('5cb15efd-1b27-4f23-bb38-700d75a46154','Authentication Options','Authentication options.','master','basic-flow',_binary '\0',_binary ''),('5fc9410d-105e-45c1-ae15-83301c827251','Browser - Conditional OTP','Flow to determine if the OTP is required for the authentication','master','basic-flow',_binary '\0',_binary ''),('64a34332-ffe6-4242-b108-397331605b03','browser','browser based authentication','JCP','basic-flow',_binary '',_binary ''),('657f3fae-769f-450e-ae45-c81b66a9d0c0','Browser - Conditional OTP','Flow to determine if the OTP is required for the authentication','JCP','basic-flow',_binary '\0',_binary ''),('7903520b-4864-435f-90c6-734ca7e21f58','Verify Existing Account by Re-authentication','Reauthentication of existing account','master','basic-flow',_binary '\0',_binary ''),('7e21db91-cf8c-4b7f-bfdf-5e96b56fdce5','Direct Grant - Conditional OTP','Flow to determine if the OTP is required for the authentication','master','basic-flow',_binary '\0',_binary ''),('8a8283c7-f134-459d-8533-6d28156462ed','docker auth','Used by Docker clients to authenticate against the IDP','master','basic-flow',_binary '',_binary ''),('8c280e49-0a81-41a0-9087-7b7be9dd12c1','saml ecp','SAML ECP Profile Authentication Flow','JCP','basic-flow',_binary '',_binary ''),('9d359884-0fad-4f87-951b-6e1c2f69b9d7','first broker login','Actions taken after first broker login with identity provider account, which is not yet linked to any Keycloak account','master','basic-flow',_binary '',_binary ''),('a4845541-d8a6-44f8-b5d0-68319e2d2d8f','reset credentials','Reset credentials for a user if they forgot their password or something','JCP','basic-flow',_binary '',_binary ''),('ab6089a6-e506-42ef-8486-61795785d1ba','First broker login - Conditional OTP','Flow to determine if the OTP is required for the authentication','master','basic-flow',_binary '\0',_binary ''),('b20aa1fa-657c-493b-b9a4-52f6c8a1dd28','registration form','registration form','master','form-flow',_binary '\0',_binary ''),('b7cebdae-b540-4565-bc05-2089bf2bb6b6','User creation or linking','Flow for the existing/non-existing user alternatives','JCP','basic-flow',_binary '\0',_binary ''),('b8308163-4757-4966-9e8f-0ca3f530d1f1','Reset - Conditional OTP','Flow to determine if the OTP should be reset or not. Set to REQUIRED to force.','JCP','basic-flow',_binary '\0',_binary ''),('c13659f9-36f9-4866-9db5-ffd10c13ed44','forms','Username, password, otp and other auth forms.','JCP','basic-flow',_binary '\0',_binary ''),('c79f2259-2adc-446a-a047-106e8d2e2447','forms','Username, password, otp and other auth forms.','master','basic-flow',_binary '\0',_binary ''),('dc853715-bd63-4c1a-9908-c3b185ea5bcb','registration form','registration form','JCP','form-flow',_binary '\0',_binary ''),('de31f941-ca71-400c-9391-1c7cc8b72770','Handle Existing Account','Handle what to do if there is existing account with same email/username like authenticated identity provider','JCP','basic-flow',_binary '\0',_binary ''),('e079d674-49ff-489e-a32a-1bafdcee1036','first broker login','Actions taken after first broker login with identity provider account, which is not yet linked to any Keycloak account','JCP','basic-flow',_binary '',_binary ''),('f0fce0a3-2c58-4266-9cc1-f0c1bf24810e','Reset - Conditional OTP','Flow to determine if the OTP should be reset or not. Set to REQUIRED to force.','master','basic-flow',_binary '\0',_binary ''),('f598bf67-3e85-4a33-813a-138c5187e444','clients','Base authentication for clients','master','client-flow',_binary '',_binary ''),('f5ead2a4-e9e7-4a81-abc1-3d733261cffe','Account verification options','Method with which to verity the existing account','master','basic-flow',_binary '\0',_binary ''),('fdde9c81-a77f-4c16-bdbe-5b7abbab5210','clients','Base authentication for clients','JCP','client-flow',_binary '',_binary '');
/*!40000 ALTER TABLE `AUTHENTICATION_FLOW` ENABLE KEYS */;
UNLOCK TABLES;

--
-- Dumping data for table `AUTHENTICATOR_CONFIG`
--

LOCK TABLES `AUTHENTICATOR_CONFIG` WRITE;
/*!40000 ALTER TABLE `AUTHENTICATOR_CONFIG` DISABLE KEYS */;
INSERT INTO `AUTHENTICATOR_CONFIG` VALUES ('38ad782c-f46f-4090-9203-38eebd139659','review profile config','JCP'),('68a4eef3-b978-4426-9c3d-5ee96e63da6d','create unique user config','master'),('87b20961-8073-46b6-a93b-fd32dec9bf7f','review profile config','master'),('bf966ed3-595d-48a2-851c-90626b6142a1','create unique user config','JCP');
/*!40000 ALTER TABLE `AUTHENTICATOR_CONFIG` ENABLE KEYS */;
UNLOCK TABLES;

--
-- Dumping data for table `AUTHENTICATOR_CONFIG_ENTRY`
--

LOCK TABLES `AUTHENTICATOR_CONFIG_ENTRY` WRITE;
/*!40000 ALTER TABLE `AUTHENTICATOR_CONFIG_ENTRY` DISABLE KEYS */;
INSERT INTO `AUTHENTICATOR_CONFIG_ENTRY` VALUES ('38ad782c-f46f-4090-9203-38eebd139659','missing','update.profile.on.first.login'),('68a4eef3-b978-4426-9c3d-5ee96e63da6d','false','require.password.update.after.registration'),('87b20961-8073-46b6-a93b-fd32dec9bf7f','missing','update.profile.on.first.login'),('bf966ed3-595d-48a2-851c-90626b6142a1','false','require.password.update.after.registration');
/*!40000 ALTER TABLE `AUTHENTICATOR_CONFIG_ENTRY` ENABLE KEYS */;
UNLOCK TABLES;

--
-- Dumping data for table `BROKER_LINK`
--

LOCK TABLES `BROKER_LINK` WRITE;
/*!40000 ALTER TABLE `BROKER_LINK` DISABLE KEYS */;
/*!40000 ALTER TABLE `BROKER_LINK` ENABLE KEYS */;
UNLOCK TABLES;

--
-- Dumping data for table `CLIENT`
--

LOCK TABLES `CLIENT` WRITE;
/*!40000 ALTER TABLE `CLIENT` DISABLE KEYS */;
INSERT INTO `CLIENT` VALUES ('0d8fe07a-66a2-46ea-8867-81b96994a771',_binary '',_binary '\0','account-console',0,_binary '','267725c0-6f6d-4859-bdef-52acec5c8c84','/realms/master/account/',_binary '\0',NULL,_binary '\0','master','openid-connect',0,_binary '\0',_binary '\0','${client_account-console}',_binary '\0','client-secret','${authBaseUrl}',NULL,NULL,_binary '',_binary '\0',_binary '\0',_binary '\0'),('0f5346de-6194-49d8-92e0-7e69f25d11b2',_binary '',_binary '','jcp-swagger',0,_binary '\0','cf319f62-5275-4092-b346-65448535748d','',_binary '\0','https://localhost:9001',_binary '\0','JCP','openid-connect',-1,_binary '\0',_binary '\0','Swagger UI (Test)',_binary '\0','client-secret','https://localhost:9001/swagger-ui.html','Client used by Swagger UI to access all APIs (All roles) using Implicit auth flow (the only onw supported by Swagger).',NULL,_binary '\0',_binary '',_binary '\0',_binary '\0'),('1b39ee03-3f65-4e3a-be77-0e7739801006',_binary '',_binary '\0','security-admin-console',0,_binary '','3eb148d6-d4d5-44b2-8992-e3979da8fe74','/admin/master/console/',_binary '\0',NULL,_binary '\0','master','openid-connect',0,_binary '\0',_binary '\0','${client_security-admin-console}',_binary '\0','client-secret','${authAdminUrl}',NULL,NULL,_binary '',_binary '\0',_binary '\0',_binary '\0'),('26279715-4c82-41b0-bd5f-9493f94c1eb3',_binary '',_binary '\0','realm-management',0,_binary '\0','dd2a10de-82f4-471f-9913-6fcda6091bdb',NULL,_binary '',NULL,_binary '\0','JCP','openid-connect',0,_binary '\0',_binary '\0','${client_realm-management}',_binary '\0','client-secret',NULL,NULL,NULL,_binary '',_binary '\0',_binary '\0',_binary '\0'),('3564bc5d-4650-4265-ab07-ab107580c915',_binary '',_binary '','test-client-obj',0,_binary '\0','2d1f9b96-70d3-443b-b21b-08a401ddc16c',NULL,_binary '\0','https://localhost:9001',_binary '\0','JCP','openid-connect',-1,_binary '\0',_binary '\0','Test object client',_binary '','client-secret','https://localhost:9001',NULL,NULL,_binary '\0',_binary '\0',_binary '\0',_binary '\0'),('3aa884c4-dffd-498c-8056-6f75e1eb953a',_binary '',_binary '\0','security-admin-console',0,_binary '','8983b16f-1a4e-4cc7-adc5-434e27d84950','/admin/jcp/console/',_binary '\0',NULL,_binary '\0','JCP','openid-connect',0,_binary '\0',_binary '\0','${client_security-admin-console}',_binary '\0','client-secret','${authAdminUrl}',NULL,NULL,_binary '',_binary '\0',_binary '\0',_binary '\0'),('42998bbf-4b42-442d-9e74-c913694fd655',_binary '',_binary '\0','broker',0,_binary '\0','7d25efd2-83ab-42ca-b71a-bea0aadd2652',NULL,_binary '\0',NULL,_binary '\0','JCP','openid-connect',0,_binary '\0',_binary '\0','${client_broker}',_binary '\0','client-secret',NULL,NULL,NULL,_binary '',_binary '\0',_binary '\0',_binary '\0'),('52f9725a-de85-48db-8218-972f375d55fe',_binary '',_binary '\0','admin-cli',0,_binary '','43e69f9d-b9f2-4d27-ab28-5946bd7bf97d',NULL,_binary '\0',NULL,_binary '\0','JCP','openid-connect',0,_binary '\0',_binary '\0','${client_admin-cli}',_binary '\0','client-secret',NULL,NULL,NULL,_binary '\0',_binary '\0',_binary '',_binary '\0'),('565ca8b9-5a1e-4b74-92fd-afa137b0d4d9',_binary '',_binary '','jcp-realm',0,_binary '\0','34774d13-4117-4139-9d65-0a49a9b9f08d',NULL,_binary '',NULL,_binary '\0','master','openid-connect',0,_binary '\0',_binary '\0','jcp Realm',_binary '\0','client-secret',NULL,NULL,NULL,_binary '',_binary '\0',_binary '\0',_binary '\0'),('668cefc1-9844-43a3-bad2-00a21e312aed',_binary '',_binary '\0','account-console',0,_binary '','dc3a0c53-126f-4702-9dc5-7fa3f872887e','/realms/JCP/account/',_binary '\0',NULL,_binary '\0','JCP','openid-connect',0,_binary '\0',_binary '\0','${client_account-console}',_binary '\0','client-secret','${authBaseUrl}',NULL,NULL,_binary '',_binary '\0',_binary '\0',_binary '\0'),('66baa3bb-c393-473f-849b-29833cd002bc',_binary '',_binary '','jcp-apis',0,_binary '\0','6ac0c0d9-50db-407d-946c-3c63cd7b7d34','',_binary '\0','https://localhost:9001',_binary '\0','JCP','openid-connect',-1,_binary '\0',_binary '\0','JCP APIs',_binary '','client-secret','https://localhost:9001',NULL,NULL,_binary '\0',_binary '\0',_binary '\0',_binary '\0'),('79e472b0-e562-4535-a516-db7d7696a447',_binary '',_binary '','test-client-srv',0,_binary '\0','88bc8baf-c924-42b9-b691-b2d7c5cec696',NULL,_binary '\0','https://localhost:8080',_binary '\0','JCP','openid-connect',-1,_binary '\0',_binary '\0','Test service client',_binary '','client-secret','https://localhost:8080',NULL,NULL,_binary '',_binary '\0',_binary '\0',_binary '\0'),('84e67dce-1999-4cf5-b931-bfda4a59cac2',_binary '',_binary '\0','broker',0,_binary '\0','f4353642-f11e-4b78-9a44-d0a0d6c24872',NULL,_binary '\0',NULL,_binary '\0','master','openid-connect',0,_binary '\0',_binary '\0','${client_broker}',_binary '\0','client-secret',NULL,NULL,NULL,_binary '',_binary '\0',_binary '\0',_binary '\0'),('b7ecfc11-c730-4b0c-88e3-7be2d41c0a2f',_binary '',_binary '','jcp-jsl-web-bridge',0,_binary '\0','7e27c5b9-2a6a-4b4e-b4a7-c8118b2b1083',NULL,_binary '\0','https://localhost:9003',_binary '\0','JCP','openid-connect',-1,_binary '\0',_binary '\0','JCP JSL Web Bridge',_binary '','client-secret','https://localhost:9003',NULL,NULL,_binary '\0',_binary '\0',_binary '\0',_binary '\0'),('ce1f4bb4-7098-42c0-9364-1bd9cab94cca',_binary '',_binary '','master-realm',0,_binary '\0','ccf29852-040f-4ae0-b8ea-cf043bf9da4b',NULL,_binary '',NULL,_binary '\0','master','openid-connect',0,_binary '\0',_binary '\0','master Realm',_binary '\0','client-secret',NULL,NULL,NULL,_binary '',_binary '\0',_binary '\0',_binary '\0'),('d17936ea-07bf-4c15-8782-5d59451d39f9',_binary '',_binary '\0','account',0,_binary '\0','ad0b902f-8865-4d8f-9cdf-ccdbbaec12a1','/realms/jcp/account/',_binary '\0',NULL,_binary '\0','JCP','openid-connect',0,_binary '\0',_binary '\0','${client_account}',_binary '\0','client-secret','${authBaseUrl}',NULL,NULL,_binary '',_binary '\0',_binary '\0',_binary '\0'),('d3d4f650-2747-45cf-8c29-5edf022500f5',_binary '',_binary '\0','account',0,_binary '\0','c51b82cf-1353-4110-9d7d-4d36d0b2c62d','/realms/master/account/',_binary '\0',NULL,_binary '\0','master','openid-connect',0,_binary '\0',_binary '\0','${client_account}',_binary '\0','client-secret','${authBaseUrl}',NULL,NULL,_binary '',_binary '\0',_binary '\0',_binary '\0'),('daeadaae-20ea-41fe-9659-200c082b455d',_binary '',_binary '','jcp-all',0,_binary '\0','27e3d70d-5dd0-433e-a85a-40fa4b66d1ad',NULL,_binary '\0','https://localhost:9000',_binary '\0','JCP','openid-connect',-1,_binary '\0',_binary '\0','JCP All',_binary '','client-secret','https://localhost:9000',NULL,NULL,_binary '',_binary '\0',_binary '\0',_binary '\0'),('e6f7bfaa-c98a-46c7-b8ef-f63ae5b025cd',_binary '',_binary '\0','admin-cli',0,_binary '','b2d2a98f-6763-4c39-945d-79371c753947',NULL,_binary '\0',NULL,_binary '\0','master','openid-connect',0,_binary '\0',_binary '\0','${client_admin-cli}',_binary '\0','client-secret',NULL,NULL,NULL,_binary '\0',_binary '\0',_binary '',_binary '\0'),('f0c51c27-5fa8-4b21-9e5d-83d7c2a1d501',_binary '',_binary '','jcp-gws',0,_binary '\0','4f5985ac-0e42-4f45-ae74-a859d4fd5184','',_binary '\0','https://localhost:9002',_binary '\0','JCP','openid-connect',-1,_binary '\0',_binary '\0','JCP Gateways',_binary '','client-secret','https://localhost:9002',NULL,NULL,_binary '\0',_binary '\0',_binary '\0',_binary '\0'),('fdb6d027-9e63-4327-a35b-611c48832b36',_binary '',_binary '','jcp-fe',0,_binary '\0','f379a100-46bb-4fc8-a660-947a98a3afab','',_binary '\0','https://localhost:9004',_binary '\0','JCP','openid-connect',-1,_binary '\0',_binary '\0','JCP FrontEnd',_binary '','client-secret','https://localhost:9004',NULL,NULL,_binary '',_binary '\0',_binary '\0',_binary '\0');
/*!40000 ALTER TABLE `CLIENT` ENABLE KEYS */;
UNLOCK TABLES;

--
-- Dumping data for table `CLIENT_ATTRIBUTES`
--

LOCK TABLES `CLIENT_ATTRIBUTES` WRITE;
/*!40000 ALTER TABLE `CLIENT_ATTRIBUTES` DISABLE KEYS */;
INSERT INTO `CLIENT_ATTRIBUTES` VALUES ('0d8fe07a-66a2-46ea-8867-81b96994a771','S256','pkce.code.challenge.method'),('0f5346de-6194-49d8-92e0-7e69f25d11b2','false','display.on.consent.screen'),('0f5346de-6194-49d8-92e0-7e69f25d11b2','false','exclude.session.state.from.auth.response'),('0f5346de-6194-49d8-92e0-7e69f25d11b2','false','saml_force_name_id_format'),('0f5346de-6194-49d8-92e0-7e69f25d11b2','false','saml.assertion.signature'),('0f5346de-6194-49d8-92e0-7e69f25d11b2','false','saml.authnstatement'),('0f5346de-6194-49d8-92e0-7e69f25d11b2','false','saml.client.signature'),('0f5346de-6194-49d8-92e0-7e69f25d11b2','false','saml.encrypt'),('0f5346de-6194-49d8-92e0-7e69f25d11b2','false','saml.force.post.binding'),('0f5346de-6194-49d8-92e0-7e69f25d11b2','false','saml.multivalued.roles'),('0f5346de-6194-49d8-92e0-7e69f25d11b2','false','saml.onetimeuse.condition'),('0f5346de-6194-49d8-92e0-7e69f25d11b2','false','saml.server.signature'),('0f5346de-6194-49d8-92e0-7e69f25d11b2','false','saml.server.signature.keyinfo.ext'),('0f5346de-6194-49d8-92e0-7e69f25d11b2','false','tls.client.certificate.bound.access.tokens'),('1b39ee03-3f65-4e3a-be77-0e7739801006','S256','pkce.code.challenge.method'),('3564bc5d-4650-4265-ab07-ab107580c915','false','backchannel.logout.revoke.offline.tokens'),('3564bc5d-4650-4265-ab07-ab107580c915','false','backchannel.logout.session.required'),('3564bc5d-4650-4265-ab07-ab107580c915','true','client_credentials.use_refresh_token'),('3564bc5d-4650-4265-ab07-ab107580c915','false','display.on.consent.screen'),('3564bc5d-4650-4265-ab07-ab107580c915','false','exclude.session.state.from.auth.response'),('3564bc5d-4650-4265-ab07-ab107580c915','false','id.token.as.detached.signature'),('3564bc5d-4650-4265-ab07-ab107580c915','false','oauth2.device.authorization.grant.enabled'),('3564bc5d-4650-4265-ab07-ab107580c915','false','oidc.ciba.grant.enabled'),('3564bc5d-4650-4265-ab07-ab107580c915','false','saml_force_name_id_format'),('3564bc5d-4650-4265-ab07-ab107580c915','false','saml.artifact.binding'),('3564bc5d-4650-4265-ab07-ab107580c915','false','saml.assertion.signature'),('3564bc5d-4650-4265-ab07-ab107580c915','false','saml.authnstatement'),('3564bc5d-4650-4265-ab07-ab107580c915','false','saml.client.signature'),('3564bc5d-4650-4265-ab07-ab107580c915','false','saml.encrypt'),('3564bc5d-4650-4265-ab07-ab107580c915','false','saml.force.post.binding'),('3564bc5d-4650-4265-ab07-ab107580c915','false','saml.multivalued.roles'),('3564bc5d-4650-4265-ab07-ab107580c915','false','saml.onetimeuse.condition'),('3564bc5d-4650-4265-ab07-ab107580c915','false','saml.server.signature'),('3564bc5d-4650-4265-ab07-ab107580c915','false','saml.server.signature.keyinfo.ext'),('3564bc5d-4650-4265-ab07-ab107580c915','false','tls.client.certificate.bound.access.tokens'),('3564bc5d-4650-4265-ab07-ab107580c915','true','use.refresh.tokens'),('3aa884c4-dffd-498c-8056-6f75e1eb953a','S256','pkce.code.challenge.method'),('668cefc1-9844-43a3-bad2-00a21e312aed','S256','pkce.code.challenge.method'),('66baa3bb-c393-473f-849b-29833cd002bc','false','backchannel.logout.revoke.offline.tokens'),('66baa3bb-c393-473f-849b-29833cd002bc','false','backchannel.logout.session.required'),('66baa3bb-c393-473f-849b-29833cd002bc','true','client_credentials.use_refresh_token'),('66baa3bb-c393-473f-849b-29833cd002bc','false','display.on.consent.screen'),('66baa3bb-c393-473f-849b-29833cd002bc','false','exclude.session.state.from.auth.response'),('66baa3bb-c393-473f-849b-29833cd002bc','false','id.token.as.detached.signature'),('66baa3bb-c393-473f-849b-29833cd002bc','false','oauth2.device.authorization.grant.enabled'),('66baa3bb-c393-473f-849b-29833cd002bc','false','oidc.ciba.grant.enabled'),('66baa3bb-c393-473f-849b-29833cd002bc','false','saml_force_name_id_format'),('66baa3bb-c393-473f-849b-29833cd002bc','false','saml.artifact.binding'),('66baa3bb-c393-473f-849b-29833cd002bc','false','saml.assertion.signature'),('66baa3bb-c393-473f-849b-29833cd002bc','false','saml.authnstatement'),('66baa3bb-c393-473f-849b-29833cd002bc','false','saml.client.signature'),('66baa3bb-c393-473f-849b-29833cd002bc','false','saml.encrypt'),('66baa3bb-c393-473f-849b-29833cd002bc','false','saml.force.post.binding'),('66baa3bb-c393-473f-849b-29833cd002bc','false','saml.multivalued.roles'),('66baa3bb-c393-473f-849b-29833cd002bc','false','saml.onetimeuse.condition'),('66baa3bb-c393-473f-849b-29833cd002bc','false','saml.server.signature'),('66baa3bb-c393-473f-849b-29833cd002bc','false','saml.server.signature.keyinfo.ext'),('66baa3bb-c393-473f-849b-29833cd002bc','false','tls.client.certificate.bound.access.tokens'),('66baa3bb-c393-473f-849b-29833cd002bc','true','use.refresh.tokens'),('79e472b0-e562-4535-a516-db7d7696a447','false','backchannel.logout.revoke.offline.tokens'),('79e472b0-e562-4535-a516-db7d7696a447','false','backchannel.logout.session.required'),('79e472b0-e562-4535-a516-db7d7696a447','true','client_credentials.use_refresh_token'),('79e472b0-e562-4535-a516-db7d7696a447','false','display.on.consent.screen'),('79e472b0-e562-4535-a516-db7d7696a447','false','exclude.session.state.from.auth.response'),('79e472b0-e562-4535-a516-db7d7696a447','false','id.token.as.detached.signature'),('79e472b0-e562-4535-a516-db7d7696a447','false','oauth2.device.authorization.grant.enabled'),('79e472b0-e562-4535-a516-db7d7696a447','false','oidc.ciba.grant.enabled'),('79e472b0-e562-4535-a516-db7d7696a447','false','saml_force_name_id_format'),('79e472b0-e562-4535-a516-db7d7696a447','false','saml.artifact.binding'),('79e472b0-e562-4535-a516-db7d7696a447','false','saml.assertion.signature'),('79e472b0-e562-4535-a516-db7d7696a447','false','saml.authnstatement'),('79e472b0-e562-4535-a516-db7d7696a447','false','saml.client.signature'),('79e472b0-e562-4535-a516-db7d7696a447','false','saml.encrypt'),('79e472b0-e562-4535-a516-db7d7696a447','false','saml.force.post.binding'),('79e472b0-e562-4535-a516-db7d7696a447','false','saml.multivalued.roles'),('79e472b0-e562-4535-a516-db7d7696a447','false','saml.onetimeuse.condition'),('79e472b0-e562-4535-a516-db7d7696a447','false','saml.server.signature'),('79e472b0-e562-4535-a516-db7d7696a447','false','saml.server.signature.keyinfo.ext'),('79e472b0-e562-4535-a516-db7d7696a447','false','tls.client.certificate.bound.access.tokens'),('79e472b0-e562-4535-a516-db7d7696a447','true','use.refresh.tokens'),('b7ecfc11-c730-4b0c-88e3-7be2d41c0a2f','false','backchannel.logout.revoke.offline.tokens'),('b7ecfc11-c730-4b0c-88e3-7be2d41c0a2f','false','backchannel.logout.session.required'),('b7ecfc11-c730-4b0c-88e3-7be2d41c0a2f','true','client_credentials.use_refresh_token'),('b7ecfc11-c730-4b0c-88e3-7be2d41c0a2f','false','display.on.consent.screen'),('b7ecfc11-c730-4b0c-88e3-7be2d41c0a2f','false','exclude.session.state.from.auth.response'),('b7ecfc11-c730-4b0c-88e3-7be2d41c0a2f','false','id.token.as.detached.signature'),('b7ecfc11-c730-4b0c-88e3-7be2d41c0a2f','false','oauth2.device.authorization.grant.enabled'),('b7ecfc11-c730-4b0c-88e3-7be2d41c0a2f','false','oidc.ciba.grant.enabled'),('b7ecfc11-c730-4b0c-88e3-7be2d41c0a2f','false','saml_force_name_id_format'),('b7ecfc11-c730-4b0c-88e3-7be2d41c0a2f','false','saml.artifact.binding'),('b7ecfc11-c730-4b0c-88e3-7be2d41c0a2f','false','saml.assertion.signature'),('b7ecfc11-c730-4b0c-88e3-7be2d41c0a2f','false','saml.authnstatement'),('b7ecfc11-c730-4b0c-88e3-7be2d41c0a2f','false','saml.client.signature'),('b7ecfc11-c730-4b0c-88e3-7be2d41c0a2f','false','saml.encrypt'),('b7ecfc11-c730-4b0c-88e3-7be2d41c0a2f','false','saml.force.post.binding'),('b7ecfc11-c730-4b0c-88e3-7be2d41c0a2f','false','saml.multivalued.roles'),('b7ecfc11-c730-4b0c-88e3-7be2d41c0a2f','false','saml.onetimeuse.condition'),('b7ecfc11-c730-4b0c-88e3-7be2d41c0a2f','false','saml.server.signature'),('b7ecfc11-c730-4b0c-88e3-7be2d41c0a2f','false','saml.server.signature.keyinfo.ext'),('b7ecfc11-c730-4b0c-88e3-7be2d41c0a2f','false','tls.client.certificate.bound.access.tokens'),('b7ecfc11-c730-4b0c-88e3-7be2d41c0a2f','true','use.refresh.tokens'),('daeadaae-20ea-41fe-9659-200c082b455d','false','backchannel.logout.revoke.offline.tokens'),('daeadaae-20ea-41fe-9659-200c082b455d','false','backchannel.logout.session.required'),('daeadaae-20ea-41fe-9659-200c082b455d','true','client_credentials.use_refresh_token'),('daeadaae-20ea-41fe-9659-200c082b455d','false','display.on.consent.screen'),('daeadaae-20ea-41fe-9659-200c082b455d','false','exclude.session.state.from.auth.response'),('daeadaae-20ea-41fe-9659-200c082b455d','false','id.token.as.detached.signature'),('daeadaae-20ea-41fe-9659-200c082b455d','false','oauth2.device.authorization.grant.enabled'),('daeadaae-20ea-41fe-9659-200c082b455d','false','oidc.ciba.grant.enabled'),('daeadaae-20ea-41fe-9659-200c082b455d','false','saml_force_name_id_format'),('daeadaae-20ea-41fe-9659-200c082b455d','false','saml.artifact.binding'),('daeadaae-20ea-41fe-9659-200c082b455d','false','saml.assertion.signature'),('daeadaae-20ea-41fe-9659-200c082b455d','false','saml.authnstatement'),('daeadaae-20ea-41fe-9659-200c082b455d','false','saml.client.signature'),('daeadaae-20ea-41fe-9659-200c082b455d','false','saml.encrypt'),('daeadaae-20ea-41fe-9659-200c082b455d','false','saml.force.post.binding'),('daeadaae-20ea-41fe-9659-200c082b455d','false','saml.multivalued.roles'),('daeadaae-20ea-41fe-9659-200c082b455d','false','saml.onetimeuse.condition'),('daeadaae-20ea-41fe-9659-200c082b455d','false','saml.server.signature'),('daeadaae-20ea-41fe-9659-200c082b455d','false','saml.server.signature.keyinfo.ext'),('daeadaae-20ea-41fe-9659-200c082b455d','false','tls.client.certificate.bound.access.tokens'),('daeadaae-20ea-41fe-9659-200c082b455d','true','use.refresh.tokens'),('f0c51c27-5fa8-4b21-9e5d-83d7c2a1d501','false','backchannel.logout.revoke.offline.tokens'),('f0c51c27-5fa8-4b21-9e5d-83d7c2a1d501','false','backchannel.logout.session.required'),('f0c51c27-5fa8-4b21-9e5d-83d7c2a1d501','true','client_credentials.use_refresh_token'),('f0c51c27-5fa8-4b21-9e5d-83d7c2a1d501','false','display.on.consent.screen'),('f0c51c27-5fa8-4b21-9e5d-83d7c2a1d501','false','exclude.session.state.from.auth.response'),('f0c51c27-5fa8-4b21-9e5d-83d7c2a1d501','false','id.token.as.detached.signature'),('f0c51c27-5fa8-4b21-9e5d-83d7c2a1d501','false','oauth2.device.authorization.grant.enabled'),('f0c51c27-5fa8-4b21-9e5d-83d7c2a1d501','false','oidc.ciba.grant.enabled'),('f0c51c27-5fa8-4b21-9e5d-83d7c2a1d501','false','saml_force_name_id_format'),('f0c51c27-5fa8-4b21-9e5d-83d7c2a1d501','false','saml.artifact.binding'),('f0c51c27-5fa8-4b21-9e5d-83d7c2a1d501','false','saml.assertion.signature'),('f0c51c27-5fa8-4b21-9e5d-83d7c2a1d501','false','saml.authnstatement'),('f0c51c27-5fa8-4b21-9e5d-83d7c2a1d501','false','saml.client.signature'),('f0c51c27-5fa8-4b21-9e5d-83d7c2a1d501','false','saml.encrypt'),('f0c51c27-5fa8-4b21-9e5d-83d7c2a1d501','false','saml.force.post.binding'),('f0c51c27-5fa8-4b21-9e5d-83d7c2a1d501','false','saml.multivalued.roles'),('f0c51c27-5fa8-4b21-9e5d-83d7c2a1d501','false','saml.onetimeuse.condition'),('f0c51c27-5fa8-4b21-9e5d-83d7c2a1d501','false','saml.server.signature'),('f0c51c27-5fa8-4b21-9e5d-83d7c2a1d501','false','saml.server.signature.keyinfo.ext'),('f0c51c27-5fa8-4b21-9e5d-83d7c2a1d501','false','tls.client.certificate.bound.access.tokens'),('f0c51c27-5fa8-4b21-9e5d-83d7c2a1d501','true','use.refresh.tokens'),('fdb6d027-9e63-4327-a35b-611c48832b36','false','backchannel.logout.revoke.offline.tokens'),('fdb6d027-9e63-4327-a35b-611c48832b36','false','backchannel.logout.session.required'),('fdb6d027-9e63-4327-a35b-611c48832b36','true','client_credentials.use_refresh_token'),('fdb6d027-9e63-4327-a35b-611c48832b36','false','display.on.consent.screen'),('fdb6d027-9e63-4327-a35b-611c48832b36','false','exclude.session.state.from.auth.response'),('fdb6d027-9e63-4327-a35b-611c48832b36','false','id.token.as.detached.signature'),('fdb6d027-9e63-4327-a35b-611c48832b36','false','oauth2.device.authorization.grant.enabled'),('fdb6d027-9e63-4327-a35b-611c48832b36','false','oidc.ciba.grant.enabled'),('fdb6d027-9e63-4327-a35b-611c48832b36','false','saml_force_name_id_format'),('fdb6d027-9e63-4327-a35b-611c48832b36','false','saml.artifact.binding'),('fdb6d027-9e63-4327-a35b-611c48832b36','false','saml.assertion.signature'),('fdb6d027-9e63-4327-a35b-611c48832b36','false','saml.authnstatement'),('fdb6d027-9e63-4327-a35b-611c48832b36','false','saml.client.signature'),('fdb6d027-9e63-4327-a35b-611c48832b36','false','saml.encrypt'),('fdb6d027-9e63-4327-a35b-611c48832b36','false','saml.force.post.binding'),('fdb6d027-9e63-4327-a35b-611c48832b36','false','saml.multivalued.roles'),('fdb6d027-9e63-4327-a35b-611c48832b36','false','saml.onetimeuse.condition'),('fdb6d027-9e63-4327-a35b-611c48832b36','false','saml.server.signature'),('fdb6d027-9e63-4327-a35b-611c48832b36','false','saml.server.signature.keyinfo.ext'),('fdb6d027-9e63-4327-a35b-611c48832b36','false','tls.client.certificate.bound.access.tokens'),('fdb6d027-9e63-4327-a35b-611c48832b36','true','use.refresh.tokens');
/*!40000 ALTER TABLE `CLIENT_ATTRIBUTES` ENABLE KEYS */;
UNLOCK TABLES;

--
-- Dumping data for table `CLIENT_AUTH_FLOW_BINDINGS`
--

LOCK TABLES `CLIENT_AUTH_FLOW_BINDINGS` WRITE;
/*!40000 ALTER TABLE `CLIENT_AUTH_FLOW_BINDINGS` DISABLE KEYS */;
/*!40000 ALTER TABLE `CLIENT_AUTH_FLOW_BINDINGS` ENABLE KEYS */;
UNLOCK TABLES;

--
-- Dumping data for table `CLIENT_INITIAL_ACCESS`
--

LOCK TABLES `CLIENT_INITIAL_ACCESS` WRITE;
/*!40000 ALTER TABLE `CLIENT_INITIAL_ACCESS` DISABLE KEYS */;
/*!40000 ALTER TABLE `CLIENT_INITIAL_ACCESS` ENABLE KEYS */;
UNLOCK TABLES;

--
-- Dumping data for table `CLIENT_NODE_REGISTRATIONS`
--

LOCK TABLES `CLIENT_NODE_REGISTRATIONS` WRITE;
/*!40000 ALTER TABLE `CLIENT_NODE_REGISTRATIONS` DISABLE KEYS */;
/*!40000 ALTER TABLE `CLIENT_NODE_REGISTRATIONS` ENABLE KEYS */;
UNLOCK TABLES;

--
-- Dumping data for table `CLIENT_SCOPE`
--

LOCK TABLES `CLIENT_SCOPE` WRITE;
/*!40000 ALTER TABLE `CLIENT_SCOPE` DISABLE KEYS */;
INSERT INTO `CLIENT_SCOPE` VALUES ('2f82c51b-1aae-4be3-b307-58ec1283e197','microprofile-jwt','JCP','Microprofile - JWT built-in scope','openid-connect'),('36d55e21-bcc4-4ee9-9e67-ab0fc0f190cd','profile','JCP','OpenID Connect built-in scope: profile','openid-connect'),('44fcb7fc-1311-4d67-84a1-b030aabc8381','web-origins','JCP','OpenID Connect scope for add allowed web origins to the access token','openid-connect'),('685436ea-8562-4bce-a53d-48e98d30249e','roles','JCP','OpenID Connect scope for add user roles to the access token','openid-connect'),('7463c88b-9628-4073-943a-d837c8c19974','web-origins','master','OpenID Connect scope for add allowed web origins to the access token','openid-connect'),('76e84477-6e93-4aaf-904f-e7a69e116a26','address','master','OpenID Connect built-in scope: address','openid-connect'),('785bd22e-1449-4093-9609-77be270a117e','profile','master','OpenID Connect built-in scope: profile','openid-connect'),('7da4ef2e-c424-449f-9b4d-b8ac3f7b37ad','address','JCP','OpenID Connect built-in scope: address','openid-connect'),('85677790-0e5f-4ab4-992c-8af99d9a9845','roles','master','OpenID Connect scope for add user roles to the access token','openid-connect'),('8c078c9a-ddb4-4ca5-a1d5-33c8caa77b2c','phone','master','OpenID Connect built-in scope: phone','openid-connect'),('a12673c4-64cd-450e-adf0-dfd96d4ad5a6','email','JCP','OpenID Connect built-in scope: email','openid-connect'),('a44d0ac9-5c6c-48f1-81c6-f2db54d3ba4f','role_list','master','SAML role list','saml'),('c15a8bab-bf58-49b7-84b2-a05639b46288','microprofile-jwt','master','Microprofile - JWT built-in scope','openid-connect'),('d390f743-7e1f-4cfa-8bd6-d941fcd071af','offline_access','master','OpenID Connect built-in scope: offline_access','openid-connect'),('dad3a98f-3a49-4184-87a7-652ece9b2eb4','offline_access','JCP','OpenID Connect built-in scope: offline_access','openid-connect'),('db97416d-73d3-4535-bc2f-6bcd60bb3182','role_list','JCP','SAML role list','saml'),('e86d2fcf-e398-4282-b81e-6dde3996c1de','phone','JCP','OpenID Connect built-in scope: phone','openid-connect'),('eac946ae-01de-4c6f-9f26-4e0944298ad4','email','master','OpenID Connect built-in scope: email','openid-connect');
/*!40000 ALTER TABLE `CLIENT_SCOPE` ENABLE KEYS */;
UNLOCK TABLES;

--
-- Dumping data for table `CLIENT_SCOPE_ATTRIBUTES`
--

LOCK TABLES `CLIENT_SCOPE_ATTRIBUTES` WRITE;
/*!40000 ALTER TABLE `CLIENT_SCOPE_ATTRIBUTES` DISABLE KEYS */;
INSERT INTO `CLIENT_SCOPE_ATTRIBUTES` VALUES ('2f82c51b-1aae-4be3-b307-58ec1283e197','false','display.on.consent.screen'),('2f82c51b-1aae-4be3-b307-58ec1283e197','true','include.in.token.scope'),('36d55e21-bcc4-4ee9-9e67-ab0fc0f190cd','${profileScopeConsentText}','consent.screen.text'),('36d55e21-bcc4-4ee9-9e67-ab0fc0f190cd','true','display.on.consent.screen'),('36d55e21-bcc4-4ee9-9e67-ab0fc0f190cd','2','gui.order'),('36d55e21-bcc4-4ee9-9e67-ab0fc0f190cd','true','include.in.token.scope'),('44fcb7fc-1311-4d67-84a1-b030aabc8381','','consent.screen.text'),('44fcb7fc-1311-4d67-84a1-b030aabc8381','false','display.on.consent.screen'),('44fcb7fc-1311-4d67-84a1-b030aabc8381','false','include.in.token.scope'),('685436ea-8562-4bce-a53d-48e98d30249e','${rolesScopeConsentText}','consent.screen.text'),('685436ea-8562-4bce-a53d-48e98d30249e','false','display.on.consent.screen'),('685436ea-8562-4bce-a53d-48e98d30249e','true','include.in.token.scope'),('7463c88b-9628-4073-943a-d837c8c19974','','consent.screen.text'),('7463c88b-9628-4073-943a-d837c8c19974','false','display.on.consent.screen'),('7463c88b-9628-4073-943a-d837c8c19974','false','include.in.token.scope'),('76e84477-6e93-4aaf-904f-e7a69e116a26','${addressScopeConsentText}','consent.screen.text'),('76e84477-6e93-4aaf-904f-e7a69e116a26','true','display.on.consent.screen'),('76e84477-6e93-4aaf-904f-e7a69e116a26','true','include.in.token.scope'),('785bd22e-1449-4093-9609-77be270a117e','${profileScopeConsentText}','consent.screen.text'),('785bd22e-1449-4093-9609-77be270a117e','true','display.on.consent.screen'),('785bd22e-1449-4093-9609-77be270a117e','true','include.in.token.scope'),('7da4ef2e-c424-449f-9b4d-b8ac3f7b37ad','${addressScopeConsentText}','consent.screen.text'),('7da4ef2e-c424-449f-9b4d-b8ac3f7b37ad','true','display.on.consent.screen'),('7da4ef2e-c424-449f-9b4d-b8ac3f7b37ad','','gui.order'),('7da4ef2e-c424-449f-9b4d-b8ac3f7b37ad','true','include.in.token.scope'),('85677790-0e5f-4ab4-992c-8af99d9a9845','${rolesScopeConsentText}','consent.screen.text'),('85677790-0e5f-4ab4-992c-8af99d9a9845','true','display.on.consent.screen'),('85677790-0e5f-4ab4-992c-8af99d9a9845','false','include.in.token.scope'),('8c078c9a-ddb4-4ca5-a1d5-33c8caa77b2c','${phoneScopeConsentText}','consent.screen.text'),('8c078c9a-ddb4-4ca5-a1d5-33c8caa77b2c','true','display.on.consent.screen'),('8c078c9a-ddb4-4ca5-a1d5-33c8caa77b2c','true','include.in.token.scope'),('a12673c4-64cd-450e-adf0-dfd96d4ad5a6','${emailScopeConsentText}','consent.screen.text'),('a12673c4-64cd-450e-adf0-dfd96d4ad5a6','true','display.on.consent.screen'),('a12673c4-64cd-450e-adf0-dfd96d4ad5a6','1','gui.order'),('a12673c4-64cd-450e-adf0-dfd96d4ad5a6','true','include.in.token.scope'),('a44d0ac9-5c6c-48f1-81c6-f2db54d3ba4f','${samlRoleListScopeConsentText}','consent.screen.text'),('a44d0ac9-5c6c-48f1-81c6-f2db54d3ba4f','true','display.on.consent.screen'),('c15a8bab-bf58-49b7-84b2-a05639b46288','false','display.on.consent.screen'),('c15a8bab-bf58-49b7-84b2-a05639b46288','true','include.in.token.scope'),('d390f743-7e1f-4cfa-8bd6-d941fcd071af','${offlineAccessScopeConsentText}','consent.screen.text'),('d390f743-7e1f-4cfa-8bd6-d941fcd071af','true','display.on.consent.screen'),('dad3a98f-3a49-4184-87a7-652ece9b2eb4','${offlineAccessScopeConsentText}','consent.screen.text'),('dad3a98f-3a49-4184-87a7-652ece9b2eb4','true','display.on.consent.screen'),('db97416d-73d3-4535-bc2f-6bcd60bb3182','${samlRoleListScopeConsentText}','consent.screen.text'),('db97416d-73d3-4535-bc2f-6bcd60bb3182','true','display.on.consent.screen'),('e86d2fcf-e398-4282-b81e-6dde3996c1de','${phoneScopeConsentText}','consent.screen.text'),('e86d2fcf-e398-4282-b81e-6dde3996c1de','true','display.on.consent.screen'),('e86d2fcf-e398-4282-b81e-6dde3996c1de','true','include.in.token.scope'),('eac946ae-01de-4c6f-9f26-4e0944298ad4','${emailScopeConsentText}','consent.screen.text'),('eac946ae-01de-4c6f-9f26-4e0944298ad4','true','display.on.consent.screen'),('eac946ae-01de-4c6f-9f26-4e0944298ad4','true','include.in.token.scope');
/*!40000 ALTER TABLE `CLIENT_SCOPE_ATTRIBUTES` ENABLE KEYS */;
UNLOCK TABLES;

--
-- Dumping data for table `CLIENT_SCOPE_CLIENT`
--

LOCK TABLES `CLIENT_SCOPE_CLIENT` WRITE;
/*!40000 ALTER TABLE `CLIENT_SCOPE_CLIENT` DISABLE KEYS */;
INSERT INTO `CLIENT_SCOPE_CLIENT` VALUES ('0d8fe07a-66a2-46ea-8867-81b96994a771','7463c88b-9628-4073-943a-d837c8c19974',_binary ''),('0d8fe07a-66a2-46ea-8867-81b96994a771','76e84477-6e93-4aaf-904f-e7a69e116a26',_binary '\0'),('0d8fe07a-66a2-46ea-8867-81b96994a771','785bd22e-1449-4093-9609-77be270a117e',_binary ''),('0d8fe07a-66a2-46ea-8867-81b96994a771','85677790-0e5f-4ab4-992c-8af99d9a9845',_binary ''),('0d8fe07a-66a2-46ea-8867-81b96994a771','8c078c9a-ddb4-4ca5-a1d5-33c8caa77b2c',_binary '\0'),('0d8fe07a-66a2-46ea-8867-81b96994a771','a44d0ac9-5c6c-48f1-81c6-f2db54d3ba4f',_binary ''),('0d8fe07a-66a2-46ea-8867-81b96994a771','c15a8bab-bf58-49b7-84b2-a05639b46288',_binary '\0'),('0d8fe07a-66a2-46ea-8867-81b96994a771','d390f743-7e1f-4cfa-8bd6-d941fcd071af',_binary '\0'),('0d8fe07a-66a2-46ea-8867-81b96994a771','eac946ae-01de-4c6f-9f26-4e0944298ad4',_binary ''),('0f5346de-6194-49d8-92e0-7e69f25d11b2','2f82c51b-1aae-4be3-b307-58ec1283e197',_binary '\0'),('0f5346de-6194-49d8-92e0-7e69f25d11b2','36d55e21-bcc4-4ee9-9e67-ab0fc0f190cd',_binary ''),('0f5346de-6194-49d8-92e0-7e69f25d11b2','44fcb7fc-1311-4d67-84a1-b030aabc8381',_binary ''),('0f5346de-6194-49d8-92e0-7e69f25d11b2','685436ea-8562-4bce-a53d-48e98d30249e',_binary ''),('0f5346de-6194-49d8-92e0-7e69f25d11b2','7da4ef2e-c424-449f-9b4d-b8ac3f7b37ad',_binary '\0'),('0f5346de-6194-49d8-92e0-7e69f25d11b2','a12673c4-64cd-450e-adf0-dfd96d4ad5a6',_binary ''),('0f5346de-6194-49d8-92e0-7e69f25d11b2','dad3a98f-3a49-4184-87a7-652ece9b2eb4',_binary '\0'),('0f5346de-6194-49d8-92e0-7e69f25d11b2','db97416d-73d3-4535-bc2f-6bcd60bb3182',_binary ''),('0f5346de-6194-49d8-92e0-7e69f25d11b2','e86d2fcf-e398-4282-b81e-6dde3996c1de',_binary '\0'),('1b39ee03-3f65-4e3a-be77-0e7739801006','7463c88b-9628-4073-943a-d837c8c19974',_binary ''),('1b39ee03-3f65-4e3a-be77-0e7739801006','76e84477-6e93-4aaf-904f-e7a69e116a26',_binary '\0'),('1b39ee03-3f65-4e3a-be77-0e7739801006','785bd22e-1449-4093-9609-77be270a117e',_binary ''),('1b39ee03-3f65-4e3a-be77-0e7739801006','85677790-0e5f-4ab4-992c-8af99d9a9845',_binary ''),('1b39ee03-3f65-4e3a-be77-0e7739801006','8c078c9a-ddb4-4ca5-a1d5-33c8caa77b2c',_binary '\0'),('1b39ee03-3f65-4e3a-be77-0e7739801006','a44d0ac9-5c6c-48f1-81c6-f2db54d3ba4f',_binary ''),('1b39ee03-3f65-4e3a-be77-0e7739801006','c15a8bab-bf58-49b7-84b2-a05639b46288',_binary '\0'),('1b39ee03-3f65-4e3a-be77-0e7739801006','d390f743-7e1f-4cfa-8bd6-d941fcd071af',_binary '\0'),('1b39ee03-3f65-4e3a-be77-0e7739801006','eac946ae-01de-4c6f-9f26-4e0944298ad4',_binary ''),('26279715-4c82-41b0-bd5f-9493f94c1eb3','2f82c51b-1aae-4be3-b307-58ec1283e197',_binary '\0'),('26279715-4c82-41b0-bd5f-9493f94c1eb3','36d55e21-bcc4-4ee9-9e67-ab0fc0f190cd',_binary ''),('26279715-4c82-41b0-bd5f-9493f94c1eb3','44fcb7fc-1311-4d67-84a1-b030aabc8381',_binary ''),('26279715-4c82-41b0-bd5f-9493f94c1eb3','685436ea-8562-4bce-a53d-48e98d30249e',_binary ''),('26279715-4c82-41b0-bd5f-9493f94c1eb3','7da4ef2e-c424-449f-9b4d-b8ac3f7b37ad',_binary '\0'),('26279715-4c82-41b0-bd5f-9493f94c1eb3','a12673c4-64cd-450e-adf0-dfd96d4ad5a6',_binary ''),('26279715-4c82-41b0-bd5f-9493f94c1eb3','dad3a98f-3a49-4184-87a7-652ece9b2eb4',_binary '\0'),('26279715-4c82-41b0-bd5f-9493f94c1eb3','db97416d-73d3-4535-bc2f-6bcd60bb3182',_binary ''),('26279715-4c82-41b0-bd5f-9493f94c1eb3','e86d2fcf-e398-4282-b81e-6dde3996c1de',_binary '\0'),('3564bc5d-4650-4265-ab07-ab107580c915','2f82c51b-1aae-4be3-b307-58ec1283e197',_binary '\0'),('3564bc5d-4650-4265-ab07-ab107580c915','36d55e21-bcc4-4ee9-9e67-ab0fc0f190cd',_binary ''),('3564bc5d-4650-4265-ab07-ab107580c915','44fcb7fc-1311-4d67-84a1-b030aabc8381',_binary ''),('3564bc5d-4650-4265-ab07-ab107580c915','685436ea-8562-4bce-a53d-48e98d30249e',_binary ''),('3564bc5d-4650-4265-ab07-ab107580c915','7da4ef2e-c424-449f-9b4d-b8ac3f7b37ad',_binary '\0'),('3564bc5d-4650-4265-ab07-ab107580c915','a12673c4-64cd-450e-adf0-dfd96d4ad5a6',_binary ''),('3564bc5d-4650-4265-ab07-ab107580c915','dad3a98f-3a49-4184-87a7-652ece9b2eb4',_binary '\0'),('3564bc5d-4650-4265-ab07-ab107580c915','db97416d-73d3-4535-bc2f-6bcd60bb3182',_binary ''),('3564bc5d-4650-4265-ab07-ab107580c915','e86d2fcf-e398-4282-b81e-6dde3996c1de',_binary '\0'),('3aa884c4-dffd-498c-8056-6f75e1eb953a','2f82c51b-1aae-4be3-b307-58ec1283e197',_binary '\0'),('3aa884c4-dffd-498c-8056-6f75e1eb953a','36d55e21-bcc4-4ee9-9e67-ab0fc0f190cd',_binary ''),('3aa884c4-dffd-498c-8056-6f75e1eb953a','44fcb7fc-1311-4d67-84a1-b030aabc8381',_binary ''),('3aa884c4-dffd-498c-8056-6f75e1eb953a','685436ea-8562-4bce-a53d-48e98d30249e',_binary ''),('3aa884c4-dffd-498c-8056-6f75e1eb953a','7da4ef2e-c424-449f-9b4d-b8ac3f7b37ad',_binary '\0'),('3aa884c4-dffd-498c-8056-6f75e1eb953a','a12673c4-64cd-450e-adf0-dfd96d4ad5a6',_binary ''),('3aa884c4-dffd-498c-8056-6f75e1eb953a','dad3a98f-3a49-4184-87a7-652ece9b2eb4',_binary '\0'),('3aa884c4-dffd-498c-8056-6f75e1eb953a','db97416d-73d3-4535-bc2f-6bcd60bb3182',_binary ''),('3aa884c4-dffd-498c-8056-6f75e1eb953a','e86d2fcf-e398-4282-b81e-6dde3996c1de',_binary '\0'),('42998bbf-4b42-442d-9e74-c913694fd655','2f82c51b-1aae-4be3-b307-58ec1283e197',_binary '\0'),('42998bbf-4b42-442d-9e74-c913694fd655','36d55e21-bcc4-4ee9-9e67-ab0fc0f190cd',_binary ''),('42998bbf-4b42-442d-9e74-c913694fd655','44fcb7fc-1311-4d67-84a1-b030aabc8381',_binary ''),('42998bbf-4b42-442d-9e74-c913694fd655','685436ea-8562-4bce-a53d-48e98d30249e',_binary ''),('42998bbf-4b42-442d-9e74-c913694fd655','7da4ef2e-c424-449f-9b4d-b8ac3f7b37ad',_binary '\0'),('42998bbf-4b42-442d-9e74-c913694fd655','a12673c4-64cd-450e-adf0-dfd96d4ad5a6',_binary ''),('42998bbf-4b42-442d-9e74-c913694fd655','dad3a98f-3a49-4184-87a7-652ece9b2eb4',_binary '\0'),('42998bbf-4b42-442d-9e74-c913694fd655','db97416d-73d3-4535-bc2f-6bcd60bb3182',_binary ''),('42998bbf-4b42-442d-9e74-c913694fd655','e86d2fcf-e398-4282-b81e-6dde3996c1de',_binary '\0'),('52f9725a-de85-48db-8218-972f375d55fe','2f82c51b-1aae-4be3-b307-58ec1283e197',_binary '\0'),('52f9725a-de85-48db-8218-972f375d55fe','36d55e21-bcc4-4ee9-9e67-ab0fc0f190cd',_binary ''),('52f9725a-de85-48db-8218-972f375d55fe','44fcb7fc-1311-4d67-84a1-b030aabc8381',_binary ''),('52f9725a-de85-48db-8218-972f375d55fe','685436ea-8562-4bce-a53d-48e98d30249e',_binary ''),('52f9725a-de85-48db-8218-972f375d55fe','7da4ef2e-c424-449f-9b4d-b8ac3f7b37ad',_binary '\0'),('52f9725a-de85-48db-8218-972f375d55fe','a12673c4-64cd-450e-adf0-dfd96d4ad5a6',_binary ''),('52f9725a-de85-48db-8218-972f375d55fe','dad3a98f-3a49-4184-87a7-652ece9b2eb4',_binary '\0'),('52f9725a-de85-48db-8218-972f375d55fe','db97416d-73d3-4535-bc2f-6bcd60bb3182',_binary ''),('52f9725a-de85-48db-8218-972f375d55fe','e86d2fcf-e398-4282-b81e-6dde3996c1de',_binary '\0'),('565ca8b9-5a1e-4b74-92fd-afa137b0d4d9','7463c88b-9628-4073-943a-d837c8c19974',_binary ''),('565ca8b9-5a1e-4b74-92fd-afa137b0d4d9','76e84477-6e93-4aaf-904f-e7a69e116a26',_binary '\0'),('565ca8b9-5a1e-4b74-92fd-afa137b0d4d9','785bd22e-1449-4093-9609-77be270a117e',_binary ''),('565ca8b9-5a1e-4b74-92fd-afa137b0d4d9','85677790-0e5f-4ab4-992c-8af99d9a9845',_binary ''),('565ca8b9-5a1e-4b74-92fd-afa137b0d4d9','8c078c9a-ddb4-4ca5-a1d5-33c8caa77b2c',_binary '\0'),('565ca8b9-5a1e-4b74-92fd-afa137b0d4d9','a44d0ac9-5c6c-48f1-81c6-f2db54d3ba4f',_binary ''),('565ca8b9-5a1e-4b74-92fd-afa137b0d4d9','c15a8bab-bf58-49b7-84b2-a05639b46288',_binary '\0'),('565ca8b9-5a1e-4b74-92fd-afa137b0d4d9','d390f743-7e1f-4cfa-8bd6-d941fcd071af',_binary '\0'),('565ca8b9-5a1e-4b74-92fd-afa137b0d4d9','eac946ae-01de-4c6f-9f26-4e0944298ad4',_binary ''),('668cefc1-9844-43a3-bad2-00a21e312aed','2f82c51b-1aae-4be3-b307-58ec1283e197',_binary '\0'),('668cefc1-9844-43a3-bad2-00a21e312aed','36d55e21-bcc4-4ee9-9e67-ab0fc0f190cd',_binary ''),('668cefc1-9844-43a3-bad2-00a21e312aed','44fcb7fc-1311-4d67-84a1-b030aabc8381',_binary ''),('668cefc1-9844-43a3-bad2-00a21e312aed','685436ea-8562-4bce-a53d-48e98d30249e',_binary ''),('668cefc1-9844-43a3-bad2-00a21e312aed','7da4ef2e-c424-449f-9b4d-b8ac3f7b37ad',_binary '\0'),('668cefc1-9844-43a3-bad2-00a21e312aed','a12673c4-64cd-450e-adf0-dfd96d4ad5a6',_binary ''),('668cefc1-9844-43a3-bad2-00a21e312aed','dad3a98f-3a49-4184-87a7-652ece9b2eb4',_binary '\0'),('668cefc1-9844-43a3-bad2-00a21e312aed','db97416d-73d3-4535-bc2f-6bcd60bb3182',_binary ''),('668cefc1-9844-43a3-bad2-00a21e312aed','e86d2fcf-e398-4282-b81e-6dde3996c1de',_binary '\0'),('66baa3bb-c393-473f-849b-29833cd002bc','2f82c51b-1aae-4be3-b307-58ec1283e197',_binary '\0'),('66baa3bb-c393-473f-849b-29833cd002bc','36d55e21-bcc4-4ee9-9e67-ab0fc0f190cd',_binary ''),('66baa3bb-c393-473f-849b-29833cd002bc','44fcb7fc-1311-4d67-84a1-b030aabc8381',_binary ''),('66baa3bb-c393-473f-849b-29833cd002bc','685436ea-8562-4bce-a53d-48e98d30249e',_binary ''),('66baa3bb-c393-473f-849b-29833cd002bc','7da4ef2e-c424-449f-9b4d-b8ac3f7b37ad',_binary '\0'),('66baa3bb-c393-473f-849b-29833cd002bc','a12673c4-64cd-450e-adf0-dfd96d4ad5a6',_binary ''),('66baa3bb-c393-473f-849b-29833cd002bc','dad3a98f-3a49-4184-87a7-652ece9b2eb4',_binary '\0'),('66baa3bb-c393-473f-849b-29833cd002bc','db97416d-73d3-4535-bc2f-6bcd60bb3182',_binary ''),('66baa3bb-c393-473f-849b-29833cd002bc','e86d2fcf-e398-4282-b81e-6dde3996c1de',_binary '\0'),('79e472b0-e562-4535-a516-db7d7696a447','2f82c51b-1aae-4be3-b307-58ec1283e197',_binary '\0'),('79e472b0-e562-4535-a516-db7d7696a447','36d55e21-bcc4-4ee9-9e67-ab0fc0f190cd',_binary ''),('79e472b0-e562-4535-a516-db7d7696a447','44fcb7fc-1311-4d67-84a1-b030aabc8381',_binary ''),('79e472b0-e562-4535-a516-db7d7696a447','685436ea-8562-4bce-a53d-48e98d30249e',_binary ''),('79e472b0-e562-4535-a516-db7d7696a447','7da4ef2e-c424-449f-9b4d-b8ac3f7b37ad',_binary '\0'),('79e472b0-e562-4535-a516-db7d7696a447','a12673c4-64cd-450e-adf0-dfd96d4ad5a6',_binary ''),('79e472b0-e562-4535-a516-db7d7696a447','dad3a98f-3a49-4184-87a7-652ece9b2eb4',_binary '\0'),('79e472b0-e562-4535-a516-db7d7696a447','db97416d-73d3-4535-bc2f-6bcd60bb3182',_binary ''),('79e472b0-e562-4535-a516-db7d7696a447','e86d2fcf-e398-4282-b81e-6dde3996c1de',_binary '\0'),('84e67dce-1999-4cf5-b931-bfda4a59cac2','7463c88b-9628-4073-943a-d837c8c19974',_binary ''),('84e67dce-1999-4cf5-b931-bfda4a59cac2','76e84477-6e93-4aaf-904f-e7a69e116a26',_binary '\0'),('84e67dce-1999-4cf5-b931-bfda4a59cac2','785bd22e-1449-4093-9609-77be270a117e',_binary ''),('84e67dce-1999-4cf5-b931-bfda4a59cac2','85677790-0e5f-4ab4-992c-8af99d9a9845',_binary ''),('84e67dce-1999-4cf5-b931-bfda4a59cac2','8c078c9a-ddb4-4ca5-a1d5-33c8caa77b2c',_binary '\0'),('84e67dce-1999-4cf5-b931-bfda4a59cac2','a44d0ac9-5c6c-48f1-81c6-f2db54d3ba4f',_binary ''),('84e67dce-1999-4cf5-b931-bfda4a59cac2','c15a8bab-bf58-49b7-84b2-a05639b46288',_binary '\0'),('84e67dce-1999-4cf5-b931-bfda4a59cac2','d390f743-7e1f-4cfa-8bd6-d941fcd071af',_binary '\0'),('84e67dce-1999-4cf5-b931-bfda4a59cac2','eac946ae-01de-4c6f-9f26-4e0944298ad4',_binary ''),('b7ecfc11-c730-4b0c-88e3-7be2d41c0a2f','2f82c51b-1aae-4be3-b307-58ec1283e197',_binary '\0'),('b7ecfc11-c730-4b0c-88e3-7be2d41c0a2f','36d55e21-bcc4-4ee9-9e67-ab0fc0f190cd',_binary ''),('b7ecfc11-c730-4b0c-88e3-7be2d41c0a2f','44fcb7fc-1311-4d67-84a1-b030aabc8381',_binary ''),('b7ecfc11-c730-4b0c-88e3-7be2d41c0a2f','685436ea-8562-4bce-a53d-48e98d30249e',_binary ''),('b7ecfc11-c730-4b0c-88e3-7be2d41c0a2f','7da4ef2e-c424-449f-9b4d-b8ac3f7b37ad',_binary '\0'),('b7ecfc11-c730-4b0c-88e3-7be2d41c0a2f','a12673c4-64cd-450e-adf0-dfd96d4ad5a6',_binary ''),('b7ecfc11-c730-4b0c-88e3-7be2d41c0a2f','dad3a98f-3a49-4184-87a7-652ece9b2eb4',_binary '\0'),('b7ecfc11-c730-4b0c-88e3-7be2d41c0a2f','db97416d-73d3-4535-bc2f-6bcd60bb3182',_binary ''),('b7ecfc11-c730-4b0c-88e3-7be2d41c0a2f','e86d2fcf-e398-4282-b81e-6dde3996c1de',_binary '\0'),('ce1f4bb4-7098-42c0-9364-1bd9cab94cca','7463c88b-9628-4073-943a-d837c8c19974',_binary ''),('ce1f4bb4-7098-42c0-9364-1bd9cab94cca','76e84477-6e93-4aaf-904f-e7a69e116a26',_binary '\0'),('ce1f4bb4-7098-42c0-9364-1bd9cab94cca','785bd22e-1449-4093-9609-77be270a117e',_binary ''),('ce1f4bb4-7098-42c0-9364-1bd9cab94cca','85677790-0e5f-4ab4-992c-8af99d9a9845',_binary ''),('ce1f4bb4-7098-42c0-9364-1bd9cab94cca','8c078c9a-ddb4-4ca5-a1d5-33c8caa77b2c',_binary '\0'),('ce1f4bb4-7098-42c0-9364-1bd9cab94cca','a44d0ac9-5c6c-48f1-81c6-f2db54d3ba4f',_binary ''),('ce1f4bb4-7098-42c0-9364-1bd9cab94cca','c15a8bab-bf58-49b7-84b2-a05639b46288',_binary '\0'),('ce1f4bb4-7098-42c0-9364-1bd9cab94cca','d390f743-7e1f-4cfa-8bd6-d941fcd071af',_binary '\0'),('ce1f4bb4-7098-42c0-9364-1bd9cab94cca','eac946ae-01de-4c6f-9f26-4e0944298ad4',_binary ''),('d17936ea-07bf-4c15-8782-5d59451d39f9','2f82c51b-1aae-4be3-b307-58ec1283e197',_binary '\0'),('d17936ea-07bf-4c15-8782-5d59451d39f9','36d55e21-bcc4-4ee9-9e67-ab0fc0f190cd',_binary ''),('d17936ea-07bf-4c15-8782-5d59451d39f9','44fcb7fc-1311-4d67-84a1-b030aabc8381',_binary ''),('d17936ea-07bf-4c15-8782-5d59451d39f9','685436ea-8562-4bce-a53d-48e98d30249e',_binary ''),('d17936ea-07bf-4c15-8782-5d59451d39f9','7da4ef2e-c424-449f-9b4d-b8ac3f7b37ad',_binary '\0'),('d17936ea-07bf-4c15-8782-5d59451d39f9','a12673c4-64cd-450e-adf0-dfd96d4ad5a6',_binary ''),('d17936ea-07bf-4c15-8782-5d59451d39f9','dad3a98f-3a49-4184-87a7-652ece9b2eb4',_binary '\0'),('d17936ea-07bf-4c15-8782-5d59451d39f9','db97416d-73d3-4535-bc2f-6bcd60bb3182',_binary ''),('d17936ea-07bf-4c15-8782-5d59451d39f9','e86d2fcf-e398-4282-b81e-6dde3996c1de',_binary '\0'),('d3d4f650-2747-45cf-8c29-5edf022500f5','7463c88b-9628-4073-943a-d837c8c19974',_binary ''),('d3d4f650-2747-45cf-8c29-5edf022500f5','76e84477-6e93-4aaf-904f-e7a69e116a26',_binary '\0'),('d3d4f650-2747-45cf-8c29-5edf022500f5','785bd22e-1449-4093-9609-77be270a117e',_binary ''),('d3d4f650-2747-45cf-8c29-5edf022500f5','85677790-0e5f-4ab4-992c-8af99d9a9845',_binary ''),('d3d4f650-2747-45cf-8c29-5edf022500f5','8c078c9a-ddb4-4ca5-a1d5-33c8caa77b2c',_binary '\0'),('d3d4f650-2747-45cf-8c29-5edf022500f5','a44d0ac9-5c6c-48f1-81c6-f2db54d3ba4f',_binary ''),('d3d4f650-2747-45cf-8c29-5edf022500f5','c15a8bab-bf58-49b7-84b2-a05639b46288',_binary '\0'),('d3d4f650-2747-45cf-8c29-5edf022500f5','d390f743-7e1f-4cfa-8bd6-d941fcd071af',_binary '\0'),('d3d4f650-2747-45cf-8c29-5edf022500f5','eac946ae-01de-4c6f-9f26-4e0944298ad4',_binary ''),('daeadaae-20ea-41fe-9659-200c082b455d','2f82c51b-1aae-4be3-b307-58ec1283e197',_binary '\0'),('daeadaae-20ea-41fe-9659-200c082b455d','36d55e21-bcc4-4ee9-9e67-ab0fc0f190cd',_binary ''),('daeadaae-20ea-41fe-9659-200c082b455d','44fcb7fc-1311-4d67-84a1-b030aabc8381',_binary ''),('daeadaae-20ea-41fe-9659-200c082b455d','685436ea-8562-4bce-a53d-48e98d30249e',_binary ''),('daeadaae-20ea-41fe-9659-200c082b455d','7da4ef2e-c424-449f-9b4d-b8ac3f7b37ad',_binary '\0'),('daeadaae-20ea-41fe-9659-200c082b455d','a12673c4-64cd-450e-adf0-dfd96d4ad5a6',_binary ''),('daeadaae-20ea-41fe-9659-200c082b455d','dad3a98f-3a49-4184-87a7-652ece9b2eb4',_binary '\0'),('daeadaae-20ea-41fe-9659-200c082b455d','db97416d-73d3-4535-bc2f-6bcd60bb3182',_binary ''),('daeadaae-20ea-41fe-9659-200c082b455d','e86d2fcf-e398-4282-b81e-6dde3996c1de',_binary '\0'),('e6f7bfaa-c98a-46c7-b8ef-f63ae5b025cd','7463c88b-9628-4073-943a-d837c8c19974',_binary ''),('e6f7bfaa-c98a-46c7-b8ef-f63ae5b025cd','76e84477-6e93-4aaf-904f-e7a69e116a26',_binary '\0'),('e6f7bfaa-c98a-46c7-b8ef-f63ae5b025cd','785bd22e-1449-4093-9609-77be270a117e',_binary ''),('e6f7bfaa-c98a-46c7-b8ef-f63ae5b025cd','85677790-0e5f-4ab4-992c-8af99d9a9845',_binary ''),('e6f7bfaa-c98a-46c7-b8ef-f63ae5b025cd','8c078c9a-ddb4-4ca5-a1d5-33c8caa77b2c',_binary '\0'),('e6f7bfaa-c98a-46c7-b8ef-f63ae5b025cd','a44d0ac9-5c6c-48f1-81c6-f2db54d3ba4f',_binary ''),('e6f7bfaa-c98a-46c7-b8ef-f63ae5b025cd','c15a8bab-bf58-49b7-84b2-a05639b46288',_binary '\0'),('e6f7bfaa-c98a-46c7-b8ef-f63ae5b025cd','d390f743-7e1f-4cfa-8bd6-d941fcd071af',_binary '\0'),('e6f7bfaa-c98a-46c7-b8ef-f63ae5b025cd','eac946ae-01de-4c6f-9f26-4e0944298ad4',_binary ''),('f0c51c27-5fa8-4b21-9e5d-83d7c2a1d501','2f82c51b-1aae-4be3-b307-58ec1283e197',_binary '\0'),('f0c51c27-5fa8-4b21-9e5d-83d7c2a1d501','36d55e21-bcc4-4ee9-9e67-ab0fc0f190cd',_binary ''),('f0c51c27-5fa8-4b21-9e5d-83d7c2a1d501','44fcb7fc-1311-4d67-84a1-b030aabc8381',_binary ''),('f0c51c27-5fa8-4b21-9e5d-83d7c2a1d501','685436ea-8562-4bce-a53d-48e98d30249e',_binary ''),('f0c51c27-5fa8-4b21-9e5d-83d7c2a1d501','7da4ef2e-c424-449f-9b4d-b8ac3f7b37ad',_binary '\0'),('f0c51c27-5fa8-4b21-9e5d-83d7c2a1d501','a12673c4-64cd-450e-adf0-dfd96d4ad5a6',_binary ''),('f0c51c27-5fa8-4b21-9e5d-83d7c2a1d501','dad3a98f-3a49-4184-87a7-652ece9b2eb4',_binary '\0'),('f0c51c27-5fa8-4b21-9e5d-83d7c2a1d501','db97416d-73d3-4535-bc2f-6bcd60bb3182',_binary ''),('f0c51c27-5fa8-4b21-9e5d-83d7c2a1d501','e86d2fcf-e398-4282-b81e-6dde3996c1de',_binary '\0'),('fdb6d027-9e63-4327-a35b-611c48832b36','2f82c51b-1aae-4be3-b307-58ec1283e197',_binary '\0'),('fdb6d027-9e63-4327-a35b-611c48832b36','36d55e21-bcc4-4ee9-9e67-ab0fc0f190cd',_binary ''),('fdb6d027-9e63-4327-a35b-611c48832b36','44fcb7fc-1311-4d67-84a1-b030aabc8381',_binary ''),('fdb6d027-9e63-4327-a35b-611c48832b36','685436ea-8562-4bce-a53d-48e98d30249e',_binary ''),('fdb6d027-9e63-4327-a35b-611c48832b36','7da4ef2e-c424-449f-9b4d-b8ac3f7b37ad',_binary '\0'),('fdb6d027-9e63-4327-a35b-611c48832b36','a12673c4-64cd-450e-adf0-dfd96d4ad5a6',_binary ''),('fdb6d027-9e63-4327-a35b-611c48832b36','dad3a98f-3a49-4184-87a7-652ece9b2eb4',_binary '\0'),('fdb6d027-9e63-4327-a35b-611c48832b36','db97416d-73d3-4535-bc2f-6bcd60bb3182',_binary ''),('fdb6d027-9e63-4327-a35b-611c48832b36','e86d2fcf-e398-4282-b81e-6dde3996c1de',_binary '\0');
/*!40000 ALTER TABLE `CLIENT_SCOPE_CLIENT` ENABLE KEYS */;
UNLOCK TABLES;

--
-- Dumping data for table `CLIENT_SCOPE_ROLE_MAPPING`
--

LOCK TABLES `CLIENT_SCOPE_ROLE_MAPPING` WRITE;
/*!40000 ALTER TABLE `CLIENT_SCOPE_ROLE_MAPPING` DISABLE KEYS */;
INSERT INTO `CLIENT_SCOPE_ROLE_MAPPING` VALUES ('d390f743-7e1f-4cfa-8bd6-d941fcd071af','e1658c63-7f68-4467-bf28-2c55514ffd42'),('dad3a98f-3a49-4184-87a7-652ece9b2eb4','69be001f-dd39-4ed6-8f41-6cf760338d33');
/*!40000 ALTER TABLE `CLIENT_SCOPE_ROLE_MAPPING` ENABLE KEYS */;
UNLOCK TABLES;

--
-- Dumping data for table `CLIENT_SESSION`
--

LOCK TABLES `CLIENT_SESSION` WRITE;
/*!40000 ALTER TABLE `CLIENT_SESSION` DISABLE KEYS */;
/*!40000 ALTER TABLE `CLIENT_SESSION` ENABLE KEYS */;
UNLOCK TABLES;

--
-- Dumping data for table `CLIENT_SESSION_AUTH_STATUS`
--

LOCK TABLES `CLIENT_SESSION_AUTH_STATUS` WRITE;
/*!40000 ALTER TABLE `CLIENT_SESSION_AUTH_STATUS` DISABLE KEYS */;
/*!40000 ALTER TABLE `CLIENT_SESSION_AUTH_STATUS` ENABLE KEYS */;
UNLOCK TABLES;

--
-- Dumping data for table `CLIENT_SESSION_NOTE`
--

LOCK TABLES `CLIENT_SESSION_NOTE` WRITE;
/*!40000 ALTER TABLE `CLIENT_SESSION_NOTE` DISABLE KEYS */;
/*!40000 ALTER TABLE `CLIENT_SESSION_NOTE` ENABLE KEYS */;
UNLOCK TABLES;

--
-- Dumping data for table `CLIENT_SESSION_PROT_MAPPER`
--

LOCK TABLES `CLIENT_SESSION_PROT_MAPPER` WRITE;
/*!40000 ALTER TABLE `CLIENT_SESSION_PROT_MAPPER` DISABLE KEYS */;
/*!40000 ALTER TABLE `CLIENT_SESSION_PROT_MAPPER` ENABLE KEYS */;
UNLOCK TABLES;

--
-- Dumping data for table `CLIENT_SESSION_ROLE`
--

LOCK TABLES `CLIENT_SESSION_ROLE` WRITE;
/*!40000 ALTER TABLE `CLIENT_SESSION_ROLE` DISABLE KEYS */;
/*!40000 ALTER TABLE `CLIENT_SESSION_ROLE` ENABLE KEYS */;
UNLOCK TABLES;

--
-- Dumping data for table `CLIENT_USER_SESSION_NOTE`
--

LOCK TABLES `CLIENT_USER_SESSION_NOTE` WRITE;
/*!40000 ALTER TABLE `CLIENT_USER_SESSION_NOTE` DISABLE KEYS */;
/*!40000 ALTER TABLE `CLIENT_USER_SESSION_NOTE` ENABLE KEYS */;
UNLOCK TABLES;

--
-- Dumping data for table `COMPONENT`
--

LOCK TABLES `COMPONENT` WRITE;
/*!40000 ALTER TABLE `COMPONENT` DISABLE KEYS */;
INSERT INTO `COMPONENT` VALUES ('10ce203c-03ed-4e09-bfbc-4ba3cef2981a','Consent Required','master','consent-required','org.keycloak.services.clientregistration.policy.ClientRegistrationPolicy','master','anonymous'),('11058232-05f4-4f06-8237-60518bf4f83c','Max Clients Limit','master','max-clients','org.keycloak.services.clientregistration.policy.ClientRegistrationPolicy','master','anonymous'),('18e44070-479f-4afb-9463-88d05891700b','Consent Required','JCP','consent-required','org.keycloak.services.clientregistration.policy.ClientRegistrationPolicy','JCP','anonymous'),('2a059e6a-68f0-4d1e-9f6e-58866538c253','Trusted Hosts','JCP','trusted-hosts','org.keycloak.services.clientregistration.policy.ClientRegistrationPolicy','JCP','anonymous'),('4236059f-479d-4144-997c-8cf491311d54','Allowed Protocol Mapper Types','JCP','allowed-protocol-mappers','org.keycloak.services.clientregistration.policy.ClientRegistrationPolicy','JCP','anonymous'),('470e62bc-430a-4907-a4c4-65f045164211','Allowed Client Scopes','JCP','allowed-client-templates','org.keycloak.services.clientregistration.policy.ClientRegistrationPolicy','JCP','anonymous'),('4a5bb109-4e22-40f3-b84c-688c43cec766','Allowed Protocol Mapper Types','JCP','allowed-protocol-mappers','org.keycloak.services.clientregistration.policy.ClientRegistrationPolicy','JCP','authenticated'),('4b041e3a-cbdb-44cb-a4d7-7bd2611d0b45','Allowed Protocol Mapper Types','master','allowed-protocol-mappers','org.keycloak.services.clientregistration.policy.ClientRegistrationPolicy','master','anonymous'),('4c21f57f-e666-4734-ba59-7ff4243e90e8','rsa-generated','JCP','rsa-generated','org.keycloak.keys.KeyProvider','JCP',NULL),('51c20eb8-62ed-4b22-bbcc-a18724ec7a4a','Full Scope Disabled','JCP','scope','org.keycloak.services.clientregistration.policy.ClientRegistrationPolicy','JCP','anonymous'),('59e861ac-94af-41da-928b-40c822ac2045','Allowed Protocol Mapper Types','master','allowed-protocol-mappers','org.keycloak.services.clientregistration.policy.ClientRegistrationPolicy','master','authenticated'),('5ba2459b-460d-4f3e-a256-7d3eb7f1e270','hmac-generated','JCP','hmac-generated','org.keycloak.keys.KeyProvider','JCP',NULL),('661e58e6-bade-41bf-b1db-5396841b3ccb','aes-generated','JCP','aes-generated','org.keycloak.keys.KeyProvider','JCP',NULL),('68b0faa1-fcba-4195-8baa-f0bd17f88b3f','Max Clients Limit','JCP','max-clients','org.keycloak.services.clientregistration.policy.ClientRegistrationPolicy','JCP','anonymous'),('6dee6639-7d29-4d82-b32d-93d1c47a1ee4','Full Scope Disabled','master','scope','org.keycloak.services.clientregistration.policy.ClientRegistrationPolicy','master','anonymous'),('89d40538-c9a6-4b30-939c-4017ebf960f7','fallback-RS256','master','rsa-generated','org.keycloak.keys.KeyProvider','master',NULL),('b629c4d1-0c4d-45a6-8fe2-11ace35abc8b','fallback-HS256','master','hmac-generated','org.keycloak.keys.KeyProvider','master',NULL),('b87b0db7-3e6a-42d2-9188-3ccdea17f17e','Trusted Hosts','master','trusted-hosts','org.keycloak.services.clientregistration.policy.ClientRegistrationPolicy','master','anonymous'),('b95ef3a8-4be5-4252-8c32-b2a39279dfed','Allowed Client Scopes','JCP','allowed-client-templates','org.keycloak.services.clientregistration.policy.ClientRegistrationPolicy','JCP','authenticated'),('c9adf406-72e3-4046-9672-1c747c575638','Allowed Client Scopes','master','allowed-client-templates','org.keycloak.services.clientregistration.policy.ClientRegistrationPolicy','master','authenticated'),('fcc9de27-829d-4e3b-b868-46da9525b5ee','Allowed Client Scopes','master','allowed-client-templates','org.keycloak.services.clientregistration.policy.ClientRegistrationPolicy','master','anonymous');
/*!40000 ALTER TABLE `COMPONENT` ENABLE KEYS */;
UNLOCK TABLES;

--
-- Dumping data for table `COMPONENT_CONFIG`
--

LOCK TABLES `COMPONENT_CONFIG` WRITE;
/*!40000 ALTER TABLE `COMPONENT_CONFIG` DISABLE KEYS */;
INSERT INTO `COMPONENT_CONFIG` VALUES ('01419e84-39ac-4384-a804-25806f93a218','4a5bb109-4e22-40f3-b84c-688c43cec766','allowed-protocol-mapper-types','oidc-full-name-mapper'),('0ad52fef-47a7-4f16-b187-3ae4791d22ac','4c21f57f-e666-4734-ba59-7ff4243e90e8','priority','100'),('10a7fa6d-e80f-4085-98d7-cf78375879ac','89d40538-c9a6-4b30-939c-4017ebf960f7','priority','-100'),('11dd6d04-7a0c-4002-956d-3e07a52002a8','b629c4d1-0c4d-45a6-8fe2-11ace35abc8b','priority','-100'),('142738b5-c89d-4ff6-b82d-32b2575e2da8','4b041e3a-cbdb-44cb-a4d7-7bd2611d0b45','allowed-protocol-mapper-types','oidc-usermodel-property-mapper'),('190967ba-fd40-48cc-88a9-3542b11fcec0','59e861ac-94af-41da-928b-40c822ac2045','allowed-protocol-mapper-types','saml-user-attribute-mapper'),('1c766696-2d41-4045-9e22-e9be5bde14d8','59e861ac-94af-41da-928b-40c822ac2045','allowed-protocol-mapper-types','saml-role-list-mapper'),('1e4d621d-0b09-492f-a369-ffb15c44a52c','59e861ac-94af-41da-928b-40c822ac2045','allowed-protocol-mapper-types','oidc-address-mapper'),('213ca6d8-b8cd-4cd4-80b0-a8ea8b820e07','b629c4d1-0c4d-45a6-8fe2-11ace35abc8b','secret','WU6JVi-iNdJNPWJsBr2qWxBeZSY_bMjVlZ2lnc_NIPLnGbfOfLhvEJ7VDgxLqpBOem2CsewXcKGjOyoHk79bdQ'),('2806a0a6-b920-4d24-965b-ddb16a93b029','89d40538-c9a6-4b30-939c-4017ebf960f7','algorithm','RS256'),('34931f8b-2f88-4927-9ddb-c0152e1afe85','2a059e6a-68f0-4d1e-9f6e-58866538c253','host-sending-registration-request-must-match','true'),('3e6caad1-e9ae-4671-8f14-d085e4ed4c11','5ba2459b-460d-4f3e-a256-7d3eb7f1e270','priority','100'),('4229de2f-da73-4f08-81ae-e06f29a33398','59e861ac-94af-41da-928b-40c822ac2045','allowed-protocol-mapper-types','oidc-usermodel-attribute-mapper'),('4433788e-e84f-4290-997c-af2d575a0baf','4236059f-479d-4144-997c-8cf491311d54','allowed-protocol-mapper-types','oidc-usermodel-attribute-mapper'),('482c0bc5-a428-499d-bb97-256cb464d887','4a5bb109-4e22-40f3-b84c-688c43cec766','allowed-protocol-mapper-types','saml-role-list-mapper'),('4deddb8b-cf92-4e9b-9c84-1da3c10ee314','4a5bb109-4e22-40f3-b84c-688c43cec766','allowed-protocol-mapper-types','saml-user-property-mapper'),('5421bbe6-a508-47ed-a9de-b8edfc0341be','4a5bb109-4e22-40f3-b84c-688c43cec766','allowed-protocol-mapper-types','oidc-usermodel-attribute-mapper'),('54a89a2f-1a5d-480c-9672-f39e2312c7d9','fcc9de27-829d-4e3b-b868-46da9525b5ee','allow-default-scopes','true'),('59e96d31-2373-4bcd-b67e-929aea2a5622','4236059f-479d-4144-997c-8cf491311d54','allowed-protocol-mapper-types','oidc-full-name-mapper'),('5eb23e7d-f296-4b30-8b8c-feed3aefd9ed','4b041e3a-cbdb-44cb-a4d7-7bd2611d0b45','allowed-protocol-mapper-types','saml-user-property-mapper'),('614517ed-0824-4e66-b2d8-e49afa3ae951','c9adf406-72e3-4046-9672-1c747c575638','allow-default-scopes','true'),('6593a57a-7006-4e97-9f9d-a9e63fb41889','59e861ac-94af-41da-928b-40c822ac2045','allowed-protocol-mapper-types','oidc-usermodel-property-mapper'),('667a01c2-29f6-4c31-8b08-c2e97d4224b0','4a5bb109-4e22-40f3-b84c-688c43cec766','allowed-protocol-mapper-types','oidc-address-mapper'),('70af4098-8c13-4ef4-bc03-58a89d18acd2','b629c4d1-0c4d-45a6-8fe2-11ace35abc8b','kid','3cc48477-f1ff-446a-9906-f90e1a5187e4'),('7bfe06dc-d594-46a1-aa5a-75405803e1db','661e58e6-bade-41bf-b1db-5396841b3ccb','kid','9a8e0c81-fdba-4faa-81ec-41879dfabd16'),('7da8faa3-ed52-48e7-9885-d20e484e0947','661e58e6-bade-41bf-b1db-5396841b3ccb','secret','BS3l9w5d6jNZF88e2T47Dw'),('84c27984-7834-458d-ab35-fa75dce86f12','4236059f-479d-4144-997c-8cf491311d54','allowed-protocol-mapper-types','saml-user-property-mapper'),('8582be33-846a-48c1-8dbe-294b483f3092','4b041e3a-cbdb-44cb-a4d7-7bd2611d0b45','allowed-protocol-mapper-types','oidc-address-mapper'),('90622244-1310-43b4-bd50-91411f57c0b1','b87b0db7-3e6a-42d2-9188-3ccdea17f17e','client-uris-must-match','true'),('91b2b206-d8c7-44fc-b0f5-020521ebc59d','4c21f57f-e666-4734-ba59-7ff4243e90e8','privateKey','MIIEpAIBAAKCAQEAvinVu21hgldQmkRH45Q97xbKW13l6/xc9hK2g1gdJc1yk9PAdTsTi31EtQtmMOTjNSimu47DL6UDfQsGjOR4FEFIKLIAKSHz9caDxt2vs3bLamWAPlvpHxseOdbU409/6+KD0WE1JFMCMdh+VrW50v/X2ACANoU5v9Zg23ClegMnpjhKDubQLcWODSS+gsu9l8cq0iaPqQs6EkYawZqyLwVvKN/V+zBCBorPFY4sDmyFNQAFRVmKigWF8QEzOm/NHZ9dar6fZyubcb00XUhwsZf2FD8aAJbUXCBGV8NB7uWJtJQuPgvZOB9d5uPmAnNS1DlNDWG3Oc+JoQnE2S7uywIDAQABAoIBAQCMNkhzU+krs7mopWPkN2+bFFDMIWXgJEle3tlX6uZC80LiIKWtSovUs96vJuKIdpvYnEqjzFW6kY8K6dBAnkyzkpbj+qsHqRM6Ss7rGJXuW08M+h4e3KH833/f4blCiWGmyXOsNGJ8j//0RM6SnJeRLjc1+tiOWpkEC8uKwXohhWBzptWbmJV5UW3eod5utMc4gaKKHfdoLdHs4EOU4WTPjfg9qlUR3RD1rCKVDry/r7oeUgyWWDtS0okKIeQJOVRRZS6fFhUfGBvAOWpvNtQMGUZIj0jGYIhHZWZmhF4fCTwILwW3EhuI5f98J3OnIm6wdQK46WWbL4D6KgXUgTDxAoGBAOPGTPWZ8dXSrdyA80yHztfzfb9ZovUYym67n3+2U67gn8zwymevU6zvy9JPdUBtA/bmPx0g2XsqDOHA7Gpmn2z0xx/wNniAdlGuJp/CXbDwrGppoZU6arHhbAnEvXOF/e2Ljl1HuoQNZJzB26KpfAUiNkykCT1KOLoKhErH7TqlAoGBANW6ZLo8XWm6AMeTVgFFqL9M04ca+TpYHHYiuz5Q5VV1m221kyd5cXIu3cxK7V+jrGEYk9FZcSoXZGjpnZgEqbmwPN3J2MBh9cojbgGphYiGRDqGva4GR4VTcEGjsjFwdnmqAgCcK9/DMSBYX5/tvPx/JNZxWvE9N5OuqddGJPivAoGAFxkm+MkRwzNIOlJBWgNzsGaa2+rFIcHP1YblV9gviE5zJh9NB1K6U5FFxCAWrd/gRQt4XwXTyC+ter9LukaJ6EyyXMTJYVL1rLbSZ+UYBzeA5JGttypjY4KOqDbxV2PBKnO6ji8V9Qo+p77o/Qfe8c5UX1VLMpHySruCSusXXZkCgYEAuwMy2iax0i5YOkl4ivpp8qIFwQVgKKYqmVBAqQFd+k5DJ1cnIPZJxxCtMPIrDHGKBxfbV+a8d4kqagZoyDjkTj+gsqzIxWWyDSK9QiUUW+aoUtHNrTV/ZXEiG71h0ZLHiCOzRtdgKJaCKPxLCASdRg72q9FaMxZOyCGgKWcOOK8CgYBfLsA+b57NUgx9/T/0HFxM5SAZ0OJU/IUKjWHFGGBTs1MsiP6LqoB5FJMZaFhD5q8tq1PL2cgTafqtldfqfxosK/0zQYLK2hSFa1f7aShC3lXujzHTQZGutVVHArUcqcCsxX1G9GQNWj3IlRuxHGsBgGZURZYZG8weq0G40nNbbQ=='),('96ae2433-4d01-43c9-838e-00975e75c0d1','4b041e3a-cbdb-44cb-a4d7-7bd2611d0b45','allowed-protocol-mapper-types','oidc-sha256-pairwise-sub-mapper'),('96fac154-7593-44ca-b0a8-e389c68ed0b7','4236059f-479d-4144-997c-8cf491311d54','allowed-protocol-mapper-types','oidc-address-mapper'),('9b77cd05-3056-41a6-b839-5b05d2eb87e4','4a5bb109-4e22-40f3-b84c-688c43cec766','allowed-protocol-mapper-types','oidc-sha256-pairwise-sub-mapper'),('9df2faf4-146f-425d-a5e1-987e806693e3','4236059f-479d-4144-997c-8cf491311d54','allowed-protocol-mapper-types','oidc-sha256-pairwise-sub-mapper'),('9f15c0b4-6068-4178-9b1b-692fcc2ed436','4a5bb109-4e22-40f3-b84c-688c43cec766','allowed-protocol-mapper-types','oidc-usermodel-property-mapper'),('9f378f57-6640-42b7-9b2f-4141011a59da','89d40538-c9a6-4b30-939c-4017ebf960f7','certificate','MIICmzCCAYMCBgF02qqilTANBgkqhkiG9w0BAQsFADARMQ8wDQYDVQQDDAZtYXN0ZXIwHhcNMjAwOTI5MTYxOTA5WhcNMzAwOTI5MTYyMDQ5WjARMQ8wDQYDVQQDDAZtYXN0ZXIwggEiMA0GCSqGSIb3DQEBAQUAA4IBDwAwggEKAoIBAQClx/vZ8MDi8NThxcFQzQAjHS4T4h/oDzqORNlE/BJrk4V9lYeKEv/89MAbZa/ulM8QvICc3dQEaONWlyp8HJrzdPK720QV0j8zrke3CZmVZHkDU3Kq6+b0m6GBknNYWLEz5VauWWVEu8Y0Ey6n9HhOba+2nukyZmgeQ3DR7QnD744LV+StuQLwiESbwxjkCCr4cdFnopRTDZO9cwG0lrmSZDh6EpnsL6guvwBHgM599Ra/+iCMHxkZZVEmNITQAkn1HdnmYE1tzjJiFoZJzsGDadyVoLoT8UH305gasF9Pp907F/QLpbQ96w1C+xR7YKzabJ0/x3k4tRJr0FPPUOgPAgMBAAEwDQYJKoZIhvcNAQELBQADggEBAHi4bN09yQ+hyUTVAnORuH51kI8gkDBcEqfiOEKoCrgtVhqR0/EjN8wrtTS4hrlTlo5MOq3ZUhFQ4nTCDPvn8OyH50TJ2mblYy3zSPfJtVrhDuHgpno1Yg+A0vyUbDyaPfv1KxmqvWnxAUO140jo0Zv1FpSWuz3u0KBWlcF5duMM8AvVtVYXFB8Wh8wJGB+BUnXd3ie83S6cxt6iC8GTFLWfezThRPbLKbWAdnIrshscLwBAUrLHOkEFjc8eJtuG2terg3K2AKh0vum8V6e4D9zjEDCqGVU0is2R1SfEfiJHUCVeuumOKZvd0poxJ3a0xUHeAJz+GAMg6JSsrRJil7U='),('a4157e70-432b-48b4-b8b5-c1a7cab2677f','59e861ac-94af-41da-928b-40c822ac2045','allowed-protocol-mapper-types','saml-user-property-mapper'),('a5a5f15b-e648-41c3-81e7-2820fdc2e049','4c21f57f-e666-4734-ba59-7ff4243e90e8','certificate','MIIClTCCAX0CBgFwtZILyzANBgkqhkiG9w0BAQsFADAOMQwwCgYDVQQDDANKQ1AwHhcNMjAwMzA3MTUxNTEyWhcNMzAwMzA3MTUxNjUyWjAOMQwwCgYDVQQDDANKQ1AwggEiMA0GCSqGSIb3DQEBAQUAA4IBDwAwggEKAoIBAQC+KdW7bWGCV1CaREfjlD3vFspbXeXr/Fz2EraDWB0lzXKT08B1OxOLfUS1C2Yw5OM1KKa7jsMvpQN9CwaM5HgUQUgosgApIfP1xoPG3a+zdstqZYA+W+kfGx451tTjT3/r4oPRYTUkUwIx2H5WtbnS/9fYAIA2hTm/1mDbcKV6AyemOEoO5tAtxY4NJL6Cy72XxyrSJo+pCzoSRhrBmrIvBW8o39X7MEIGis8VjiwObIU1AAVFWYqKBYXxATM6b80dn11qvp9nK5txvTRdSHCxl/YUPxoAltRcIEZXw0Hu5Ym0lC4+C9k4H13m4+YCc1LUOU0NYbc5z4mhCcTZLu7LAgMBAAEwDQYJKoZIhvcNAQELBQADggEBAJq9NX91gj6jnoBkpDsswZeRCr4KD/oMEja/cHzUJRr/ifs70+zy+jQ8dATNo2jOvXYxqneX40JFwjIYFDpDWDMpMIrlbCI7Js7nUcW3sKQ3BIC1eIo6rtoyMth2RD203RTDQPGj0FJQpi7miODIWgAAFtpLDFO9U2qpvax5ZiMC/q1m0tteEo44jv+cTI1F3Z4cGkXxJhk0U4jGM0i+zy4HmZ1Oe4HLTNZ2/KYPAzQ7osVVoqEgOytwrr4L5olQJlYy0b2VfOv9uxwcl+f58gLuDhK034dEJAUOSwCYxDe/3nkOk6CYxr07Tag01+AKbjiqX1/CNxJFtV/M/fWsAD4='),('a5cd0c7e-a56c-4e34-b25a-c7de902b8038','5ba2459b-460d-4f3e-a256-7d3eb7f1e270','algorithm','HS256'),('a97f4c0d-1172-4c07-9867-541dbe2eaf8f','59e861ac-94af-41da-928b-40c822ac2045','allowed-protocol-mapper-types','oidc-full-name-mapper'),('acf33a93-8cef-4a50-baad-fd55a7251d7e','4236059f-479d-4144-997c-8cf491311d54','allowed-protocol-mapper-types','saml-role-list-mapper'),('af05b18d-bffb-4ea5-a68a-0b1140e0fe94','5ba2459b-460d-4f3e-a256-7d3eb7f1e270','kid','5ce62895-b69c-442c-a308-8207150fcff3'),('bb772de0-afbe-4522-8135-e81f912625ba','4b041e3a-cbdb-44cb-a4d7-7bd2611d0b45','allowed-protocol-mapper-types','oidc-usermodel-attribute-mapper'),('c4533da3-fce9-4d58-959c-dc8ce3c35c93','4236059f-479d-4144-997c-8cf491311d54','allowed-protocol-mapper-types','oidc-usermodel-property-mapper'),('c8201d46-ef7b-42b5-af59-779421ec1df7','2a059e6a-68f0-4d1e-9f6e-58866538c253','client-uris-must-match','true'),('c9a321e5-53ff-4357-81ed-086a2fe9544b','b95ef3a8-4be5-4252-8c32-b2a39279dfed','allow-default-scopes','true'),('ca559964-ce95-48fe-b8f6-59e818211dcf','4b041e3a-cbdb-44cb-a4d7-7bd2611d0b45','allowed-protocol-mapper-types','saml-role-list-mapper'),('cf867966-66ac-4fc0-8cfc-c9dd645acd3f','661e58e6-bade-41bf-b1db-5396841b3ccb','priority','100'),('d4dfc6fd-a35d-46f4-97e6-972bff7c9601','11058232-05f4-4f06-8237-60518bf4f83c','max-clients','200'),('d5f95779-c612-45fe-af9c-9fe04b99a964','470e62bc-430a-4907-a4c4-65f045164211','allow-default-scopes','true'),('d883f047-a185-45fd-bee2-144c9b1f5dcf','5ba2459b-460d-4f3e-a256-7d3eb7f1e270','secret','ultiEHizbl9du9jYX5Zwvv7ub0PkmGgRfltDOW8lqn7DZropjryS4oNl41tav12IgUk8R6MDZ4IXM8cyLgoVaQ'),('da717470-1694-421a-aac4-34409dbca146','89d40538-c9a6-4b30-939c-4017ebf960f7','privateKey','MIIEowIBAAKCAQEApcf72fDA4vDU4cXBUM0AIx0uE+If6A86jkTZRPwSa5OFfZWHihL//PTAG2Wv7pTPELyAnN3UBGjjVpcqfBya83Tyu9tEFdI/M65HtwmZlWR5A1Nyquvm9JuhgZJzWFixM+VWrlllRLvGNBMup/R4Tm2vtp7pMmZoHkNw0e0Jw++OC1fkrbkC8IhEm8MY5Agq+HHRZ6KUUw2TvXMBtJa5kmQ4ehKZ7C+oLr8AR4DOffUWv/ogjB8ZGWVRJjSE0AJJ9R3Z5mBNbc4yYhaGSc7Bg2nclaC6E/FB99OYGrBfT6fdOxf0C6W0PesNQvsUe2Cs2mydP8d5OLUSa9BTz1DoDwIDAQABAoIBAEerrrEpCWrTbWVyJkI1bmK/4cTM1LhxpQIOt9PAGoKRk3uYorFJx4vnkAoIK0g840w8AmpO6LNDWU19KuvfPgoUvEAE6ml4rMQ+C1kReGmCt2J9uCw2snF7uxYWZ3GBXpKuCoxzr3lIqMaoqFoKMdzORNHx36VfapHy3BqVnMws2B06wZ9YvNMgt7Ba7rW+hbZfK4W1t1SAoPqEgRIp7T5SOSohdmt0YadiCnoTJWKXgmN5YtRyUpFUjqF/AuYpAHA9hj9VxagZ4EoU2wGNQbpZN/ZwE4vupjAH2hHOMfZGSRrniwC/OsHm95MlT9VZBcC+nmy8LSWfCFBrP7C/UGECgYEA6pWeQiK/QWFMrw4+4LjEjpvJvSm8mtGK2EKPsFBBohfkQ7k0bXThePka1aOq5hSvjXsLNTlffsXSSHhXZ/XPbg10Sq1vo7wwD41WZUY/11n2E4DkeDau1QE8GKe5jduIbacFqcGiMnc4RW4EYrMLRsZwDjU10i2ZAm4ybSdLohECgYEAtOpkMpD0K7DGuyOwMbGLzvz9pTBTNAa1/q8bs9qK5NLl4Um2XicHFXhFZUBnhvnP11zFTKdx5fS15uCS2OCh/TBsvN7bYnNpyAsyTvt6bc1ffTkOragTSXBe3PEDvau+E3OlhdtdNLGoS5N3kQqVGz+93E8PlsgQuT8sLjLbyB8CgYArdS5NWDyQMyNOptf1L6WSOcAk4A+Fqt4K9EHESwntqnlqJmxU/rsqexOCkoB9gUWIc0v/PzK2vJUZQdoHc11LKQjrMLgm4B0TNH7V4i6/iXXx5QXuU0sOQN1OP/w7EHl0vuVormuK59Uv35LGah7jrK1jpG3lEvduoNWMrSPw0QKBgQCHbj97qw9d9YOPa/Pl/2cNmE24byiZ9bwf3635QUxgZ5A2yht+9/BRnis01LWrUS7JpWT9MQwOfNX+83Z6bA5XnvyHlrzcQlGZsugCQDcyI1+sOh5G2V82xqv88V8/iWVM4nGydribTbMSgF4tcaKVN25Fkdm1oicCxcuo+eGVOQKBgGjJprqyzW/LmSmGJBCrhMttlrAL3hvCt9Wlll0mNquoQBKkkSwiTgSuZWOpYbbclGe9Bglv9z8nzvmw5ubR7FTud0k1110QbHmBt/yriDRmD0lQDIo0Dzsw3xgx5yJGxEelNLAPsPHYEMU+9sQdE+uABUtKsG75iMhW/oSGvfFd'),('dbc10af8-083d-422a-a90b-3b1eb09140df','b87b0db7-3e6a-42d2-9188-3ccdea17f17e','host-sending-registration-request-must-match','true'),('deb0e8b7-a8c9-445e-aa68-6892ee398d31','4b041e3a-cbdb-44cb-a4d7-7bd2611d0b45','allowed-protocol-mapper-types','saml-user-attribute-mapper'),('e048579f-e89c-4c0f-aaa6-7ae68bd59040','4236059f-479d-4144-997c-8cf491311d54','allowed-protocol-mapper-types','saml-user-attribute-mapper'),('e06804db-3a6a-4857-bd71-cbb4f57cf53b','4a5bb109-4e22-40f3-b84c-688c43cec766','allowed-protocol-mapper-types','saml-user-attribute-mapper'),('e83e6d86-fc8b-4522-b0f0-a4058ea88ce5','59e861ac-94af-41da-928b-40c822ac2045','allowed-protocol-mapper-types','oidc-sha256-pairwise-sub-mapper'),('ea382cd0-42ac-41a0-9a51-2ac474677ca7','68b0faa1-fcba-4195-8baa-f0bd17f88b3f','max-clients','200'),('f7565a03-3daa-4fcd-82a4-f129b97f69a8','b629c4d1-0c4d-45a6-8fe2-11ace35abc8b','algorithm','HS256'),('f85f2b1c-40b9-46fc-a3d3-f80c964c9d2f','4b041e3a-cbdb-44cb-a4d7-7bd2611d0b45','allowed-protocol-mapper-types','oidc-full-name-mapper');
/*!40000 ALTER TABLE `COMPONENT_CONFIG` ENABLE KEYS */;
UNLOCK TABLES;

--
-- Dumping data for table `COMPOSITE_ROLE`
--

LOCK TABLES `COMPOSITE_ROLE` WRITE;
/*!40000 ALTER TABLE `COMPOSITE_ROLE` DISABLE KEYS */;
INSERT INTO `COMPOSITE_ROLE` VALUES ('569e57a3-b040-4390-b809-7b61d9aca4cc','05f0b1d9-1fa9-4f6b-8bcd-2b5db0efb496'),('569e57a3-b040-4390-b809-7b61d9aca4cc','0d99d4cb-215a-47d8-8d58-bc10cc2a988d'),('569e57a3-b040-4390-b809-7b61d9aca4cc','136ca1a7-c120-46a6-9a8d-43d943d27372'),('569e57a3-b040-4390-b809-7b61d9aca4cc','20472d91-78cb-4f2d-8a50-2c8236c0bdae'),('569e57a3-b040-4390-b809-7b61d9aca4cc','25d98a8e-ef48-47e6-8bbf-20ec17a5f5b1'),('569e57a3-b040-4390-b809-7b61d9aca4cc','28c62839-3a32-4246-8621-e6f9b27d78df'),('569e57a3-b040-4390-b809-7b61d9aca4cc','29baca6e-58b1-4389-ba13-87aac93d16cb'),('569e57a3-b040-4390-b809-7b61d9aca4cc','3e76bae8-b446-4672-9be1-dd2bf3360399'),('569e57a3-b040-4390-b809-7b61d9aca4cc','48473f43-0382-4cde-a3ae-60750f54f263'),('569e57a3-b040-4390-b809-7b61d9aca4cc','5991719d-6dff-447d-b1c2-df4dd8df0cf6'),('569e57a3-b040-4390-b809-7b61d9aca4cc','5c7db4ea-9d27-4ea5-b013-7f1db3ed32a3'),('569e57a3-b040-4390-b809-7b61d9aca4cc','6172d58b-debe-48a5-9b84-fb342564d1b6'),('569e57a3-b040-4390-b809-7b61d9aca4cc','61a865f2-a533-42d0-ab48-956ac9cadd88'),('569e57a3-b040-4390-b809-7b61d9aca4cc','667d683a-5519-4819-8afd-6bf70dc1c347'),('569e57a3-b040-4390-b809-7b61d9aca4cc','678d6d8b-0b74-4935-934e-1fd8a0a300a9'),('569e57a3-b040-4390-b809-7b61d9aca4cc','747a892c-c064-497f-8cdf-a3249a764b62'),('569e57a3-b040-4390-b809-7b61d9aca4cc','78131575-b056-442b-a4ee-bf84d6d78c75'),('569e57a3-b040-4390-b809-7b61d9aca4cc','80802dfa-be21-4512-8fed-2eaabf3122d3'),('569e57a3-b040-4390-b809-7b61d9aca4cc','81464d3e-d42d-4aaf-a0b7-34f7a8cb0a98'),('569e57a3-b040-4390-b809-7b61d9aca4cc','918d7917-553b-4fb4-9c3e-f4918a940919'),('569e57a3-b040-4390-b809-7b61d9aca4cc','9c681d59-e55d-463e-b9e8-e583cf98fb3c'),('569e57a3-b040-4390-b809-7b61d9aca4cc','a422795a-2589-46bf-8569-7981b7a4e226'),('569e57a3-b040-4390-b809-7b61d9aca4cc','abf9412f-a3f4-4ee9-88c3-7bcc6b4b67ad'),('569e57a3-b040-4390-b809-7b61d9aca4cc','ac0d3e93-7f36-42ef-a7b6-e41fd6a59ef1'),('569e57a3-b040-4390-b809-7b61d9aca4cc','b008018f-6557-4e78-965d-e6c12cbeabea'),('569e57a3-b040-4390-b809-7b61d9aca4cc','b19500e7-4572-45c0-a4ee-510f79de00ac'),('569e57a3-b040-4390-b809-7b61d9aca4cc','c0c7e05d-8d5a-4f4e-a1a2-d37d44c28d8e'),('569e57a3-b040-4390-b809-7b61d9aca4cc','dbec22c0-4737-42bb-8ddf-9f25620033bc'),('569e57a3-b040-4390-b809-7b61d9aca4cc','dc84a0c4-32e1-4d20-94d7-4cf2f023a0fd'),('569e57a3-b040-4390-b809-7b61d9aca4cc','def78171-0db5-4776-8082-fcc07b5d050d'),('569e57a3-b040-4390-b809-7b61d9aca4cc','e37191df-3fd2-46d7-9c86-427c9153c1bd'),('569e57a3-b040-4390-b809-7b61d9aca4cc','e529c595-b09e-4767-a9de-2e88d81ea19b'),('569e57a3-b040-4390-b809-7b61d9aca4cc','e61e69fc-eb04-4b84-bec4-68469f57059d'),('569e57a3-b040-4390-b809-7b61d9aca4cc','eae19e66-e8d7-4036-9100-1dc2b970ac0b'),('569e57a3-b040-4390-b809-7b61d9aca4cc','f4fd4e02-2b8b-4804-994d-9a9ade72a1da'),('569e57a3-b040-4390-b809-7b61d9aca4cc','f6117504-7246-4328-abd9-c96ba374f69c'),('569e57a3-b040-4390-b809-7b61d9aca4cc','fb37ad71-60b8-41eb-8744-c78a340b08ff'),('8080ac26-8182-48f9-9f11-3c9e4320db5a','eb83b771-450e-4229-b09a-445bcc515114'),('8e15085b-1d71-4842-a474-294fe69fb46c','13107b14-f4f8-4457-89d5-e6ca110d4614'),('8e15085b-1d71-4842-a474-294fe69fb46c','16677ca1-9121-498c-92ea-1be759541d3e'),('8e15085b-1d71-4842-a474-294fe69fb46c','28deb9f7-99ee-4fdc-b2db-35cb8931b54a'),('8e15085b-1d71-4842-a474-294fe69fb46c','4787f732-605e-4156-9307-24ac09ea6f43'),('8e15085b-1d71-4842-a474-294fe69fb46c','5ee71034-396e-4da4-acd9-ecde3be49157'),('8e15085b-1d71-4842-a474-294fe69fb46c','69be48fc-54cd-42bc-9cab-b1f9b6ad0e28'),('8e15085b-1d71-4842-a474-294fe69fb46c','6a5c3a38-426e-4d70-8abd-311d366b83a5'),('8e15085b-1d71-4842-a474-294fe69fb46c','6b9bb1f8-3d8e-4c78-93df-847967d21d0c'),('8e15085b-1d71-4842-a474-294fe69fb46c','794793db-6bd2-4371-8da8-74df1d9d9fe9'),('8e15085b-1d71-4842-a474-294fe69fb46c','874ea9dc-1b3a-4763-818f-aab58789fe5f'),('8e15085b-1d71-4842-a474-294fe69fb46c','96de5280-72eb-4cb3-8ca6-d297c500b70e'),('8e15085b-1d71-4842-a474-294fe69fb46c','b1be621d-3137-4c1c-92cc-c3ec79f9a03b'),('8e15085b-1d71-4842-a474-294fe69fb46c','b9f30839-863c-4678-9e01-863ede7721bb'),('8e15085b-1d71-4842-a474-294fe69fb46c','e1afcadf-52bd-4d8a-9b03-4caa91f3997f'),('8e15085b-1d71-4842-a474-294fe69fb46c','e46e4420-f60b-4f7c-84cd-fc1d3b2267b4'),('8e15085b-1d71-4842-a474-294fe69fb46c','e55973b2-1258-4b99-8bba-2237b624d85a'),('8e15085b-1d71-4842-a474-294fe69fb46c','ec8272dd-7dd5-4fbb-b3a6-d527c2e5862e'),('8e15085b-1d71-4842-a474-294fe69fb46c','f323f7fc-ff30-4f37-9f9e-2765e34f9032'),('96de5280-72eb-4cb3-8ca6-d297c500b70e','5ee71034-396e-4da4-acd9-ecde3be49157'),('9f814318-76b5-4c39-ad8f-0f32aca23424','00adc320-635e-46a4-a904-dea47d4dfa2f'),('9f814318-76b5-4c39-ad8f-0f32aca23424','030c7cb3-1c27-40a8-9e71-cae9dee7d38e'),('9f814318-76b5-4c39-ad8f-0f32aca23424','bcf9f2ec-2d06-4369-bec8-81d3cff75efd'),('9f814318-76b5-4c39-ad8f-0f32aca23424','e1658c63-7f68-4467-bf28-2c55514ffd42'),('abf9412f-a3f4-4ee9-88c3-7bcc6b4b67ad','ac0d3e93-7f36-42ef-a7b6-e41fd6a59ef1'),('abf9412f-a3f4-4ee9-88c3-7bcc6b4b67ad','e61e69fc-eb04-4b84-bec4-68469f57059d'),('b1be621d-3137-4c1c-92cc-c3ec79f9a03b','13107b14-f4f8-4457-89d5-e6ca110d4614'),('b1be621d-3137-4c1c-92cc-c3ec79f9a03b','b9f30839-863c-4678-9e01-863ede7721bb'),('bcf9f2ec-2d06-4369-bec8-81d3cff75efd','534d4037-2687-4249-8a9f-9ae21a9ca05a'),('c0c7e05d-8d5a-4f4e-a1a2-d37d44c28d8e','78131575-b056-442b-a4ee-bf84d6d78c75'),('c0c7e05d-8d5a-4f4e-a1a2-d37d44c28d8e','9c681d59-e55d-463e-b9e8-e583cf98fb3c'),('e37191df-3fd2-46d7-9c86-427c9153c1bd','e529c595-b09e-4767-a9de-2e88d81ea19b'),('eaeb3815-40e8-4bd5-86e2-1c91482f8c68','f66031c1-bbfc-4770-987c-e9fe2af07f9c'),('eaeb3815-40e8-4bd5-86e2-1c91482f8c68','f87d3271-627e-4963-bb96-6ed2bda3ee89'),('f66031c1-bbfc-4770-987c-e9fe2af07f9c','fd4edf75-cebe-4ec0-b296-5f7881e2a1b8'),('fb37ad71-60b8-41eb-8744-c78a340b08ff','28c62839-3a32-4246-8621-e6f9b27d78df'),('fd62ec7a-2824-4c60-8c7d-592922ffa38a','5ea46576-7c43-4fb1-a5a5-8ba4301ba32b');
/*!40000 ALTER TABLE `COMPOSITE_ROLE` ENABLE KEYS */;
UNLOCK TABLES;

--
-- Dumping data for table `CREDENTIAL`
--

LOCK TABLES `CREDENTIAL` WRITE;
/*!40000 ALTER TABLE `CREDENTIAL` DISABLE KEYS */;
INSERT INTO `CREDENTIAL` VALUES ('152617c3-2dd9-4d09-82a1-b593a559832b',NULL,'password','3d6bd9ed-8d63-43d6-a465-dbe9029e04c8',1606406266589,NULL,'{\"value\":\"HjoR1GHWgOiIPOsb2825P8M5zdBcv72j2Exv59zScbqe0OfhqWAOJiCTbu3o0Cx1G48GpaTmRUG1J/u1/+7yjw==\",\"salt\":\"+SQAZaSloPLsGPY3xMmA3A==\"}','{\"hashIterations\":27500,\"algorithm\":\"pbkdf2-sha256\"}',10),('5226c33c-63a8-491a-9490-dd2a70557449',NULL,'password','0ebd7757-5c7d-4d71-8a79-dc5ed3300b5f',1601396439218,NULL,'{\"value\":\"AL7uAJOu9RXaN1tn8af/+rGlJdmYVUk3qIGCB8QnTPVMrznmWsoqofESqcy6zs22Sb968Yg+MCgpp8zRa0zYaA==\",\"salt\":\"1wvfNFpYbPRRDk1YIOHpaA==\"}','{\"hashIterations\":27500,\"algorithm\":\"pbkdf2-sha256\"}',10),('d975d388-e912-439d-b13e-63a4ef92a120',NULL,'password','67de275c-1861-4e86-8e03-2ef643c8a592',1606672235956,NULL,'{\"value\":\"xZBddXVasmJQ/OXhoSIp+Joqo9r2vBqyrVgPlW2syDLs3aTDpene6FUx0APrAvEkiKoL3xmqCBovvFwbYCVTGA==\",\"salt\":\"GU+Op5G5n8/0xJ58qZNXgw==\"}','{\"hashIterations\":27500,\"algorithm\":\"pbkdf2-sha256\"}',10);
/*!40000 ALTER TABLE `CREDENTIAL` ENABLE KEYS */;
UNLOCK TABLES;

--
-- Dumping data for table `DATABASECHANGELOG`
--

LOCK TABLES `DATABASECHANGELOG` WRITE;
/*!40000 ALTER TABLE `DATABASECHANGELOG` DISABLE KEYS */;
INSERT INTO `DATABASECHANGELOG` VALUES ('1.0.0.Final-KEYCLOAK-5461','sthorger@redhat.com','META-INF/jpa-changelog-1.0.0.Final.xml','2021-07-19 12:29:30',1,'EXECUTED','7:4e70412f24a3f382c82183742ec79317','createTable tableName=APPLICATION_DEFAULT_ROLES; createTable tableName=CLIENT; createTable tableName=CLIENT_SESSION; createTable tableName=CLIENT_SESSION_ROLE; createTable tableName=COMPOSITE_ROLE; createTable tableName=CREDENTIAL; createTable tab...','',NULL,'3.5.4',NULL,NULL,'6697761772'),('1.0.0.Final-KEYCLOAK-5461','sthorger@redhat.com','META-INF/db2-jpa-changelog-1.0.0.Final.xml','2021-07-19 12:29:30',2,'MARK_RAN','7:cb16724583e9675711801c6875114f28','createTable tableName=APPLICATION_DEFAULT_ROLES; createTable tableName=CLIENT; createTable tableName=CLIENT_SESSION; createTable tableName=CLIENT_SESSION_ROLE; createTable tableName=COMPOSITE_ROLE; createTable tableName=CREDENTIAL; createTable tab...','',NULL,'3.5.4',NULL,NULL,'6697761772'),('1.1.0.Beta1','sthorger@redhat.com','META-INF/jpa-changelog-1.1.0.Beta1.xml','2021-07-19 12:29:32',3,'EXECUTED','7:0310eb8ba07cec616460794d42ade0fa','delete tableName=CLIENT_SESSION_ROLE; delete tableName=CLIENT_SESSION; delete tableName=USER_SESSION; createTable tableName=CLIENT_ATTRIBUTES; createTable tableName=CLIENT_SESSION_NOTE; createTable tableName=APP_NODE_REGISTRATIONS; addColumn table...','',NULL,'3.5.4',NULL,NULL,'6697761772'),('1.1.0.Final','sthorger@redhat.com','META-INF/jpa-changelog-1.1.0.Final.xml','2021-07-19 12:29:32',4,'EXECUTED','7:5d25857e708c3233ef4439df1f93f012','renameColumn newColumnName=EVENT_TIME, oldColumnName=TIME, tableName=EVENT_ENTITY','',NULL,'3.5.4',NULL,NULL,'6697761772'),('1.2.0.Beta1','psilva@redhat.com','META-INF/jpa-changelog-1.2.0.Beta1.xml','2021-07-19 12:29:35',5,'EXECUTED','7:c7a54a1041d58eb3817a4a883b4d4e84','delete tableName=CLIENT_SESSION_ROLE; delete tableName=CLIENT_SESSION_NOTE; delete tableName=CLIENT_SESSION; delete tableName=USER_SESSION; createTable tableName=PROTOCOL_MAPPER; createTable tableName=PROTOCOL_MAPPER_CONFIG; createTable tableName=...','',NULL,'3.5.4',NULL,NULL,'6697761772'),('1.2.0.Beta1','psilva@redhat.com','META-INF/db2-jpa-changelog-1.2.0.Beta1.xml','2021-07-19 12:29:35',6,'MARK_RAN','7:2e01012df20974c1c2a605ef8afe25b7','delete tableName=CLIENT_SESSION_ROLE; delete tableName=CLIENT_SESSION_NOTE; delete tableName=CLIENT_SESSION; delete tableName=USER_SESSION; createTable tableName=PROTOCOL_MAPPER; createTable tableName=PROTOCOL_MAPPER_CONFIG; createTable tableName=...','',NULL,'3.5.4',NULL,NULL,'6697761772'),('1.2.0.RC1','bburke@redhat.com','META-INF/jpa-changelog-1.2.0.CR1.xml','2021-07-19 12:29:39',7,'EXECUTED','7:0f08df48468428e0f30ee59a8ec01a41','delete tableName=CLIENT_SESSION_ROLE; delete tableName=CLIENT_SESSION_NOTE; delete tableName=CLIENT_SESSION; delete tableName=USER_SESSION_NOTE; delete tableName=USER_SESSION; createTable tableName=MIGRATION_MODEL; createTable tableName=IDENTITY_P...','',NULL,'3.5.4',NULL,NULL,'6697761772'),('1.2.0.RC1','bburke@redhat.com','META-INF/db2-jpa-changelog-1.2.0.CR1.xml','2021-07-19 12:29:39',8,'MARK_RAN','7:a77ea2ad226b345e7d689d366f185c8c','delete tableName=CLIENT_SESSION_ROLE; delete tableName=CLIENT_SESSION_NOTE; delete tableName=CLIENT_SESSION; delete tableName=USER_SESSION_NOTE; delete tableName=USER_SESSION; createTable tableName=MIGRATION_MODEL; createTable tableName=IDENTITY_P...','',NULL,'3.5.4',NULL,NULL,'6697761772'),('1.2.0.Final','keycloak','META-INF/jpa-changelog-1.2.0.Final.xml','2021-07-19 12:29:39',9,'EXECUTED','7:a3377a2059aefbf3b90ebb4c4cc8e2ab','update tableName=CLIENT; update tableName=CLIENT; update tableName=CLIENT','',NULL,'3.5.4',NULL,NULL,'6697761772'),('1.3.0','bburke@redhat.com','META-INF/jpa-changelog-1.3.0.xml','2021-07-19 12:29:44',10,'EXECUTED','7:04c1dbedc2aa3e9756d1a1668e003451','delete tableName=CLIENT_SESSION_ROLE; delete tableName=CLIENT_SESSION_PROT_MAPPER; delete tableName=CLIENT_SESSION_NOTE; delete tableName=CLIENT_SESSION; delete tableName=USER_SESSION_NOTE; delete tableName=USER_SESSION; createTable tableName=ADMI...','',NULL,'3.5.4',NULL,NULL,'6697761772'),('1.4.0','bburke@redhat.com','META-INF/jpa-changelog-1.4.0.xml','2021-07-19 12:29:45',11,'EXECUTED','7:36ef39ed560ad07062d956db861042ba','delete tableName=CLIENT_SESSION_AUTH_STATUS; delete tableName=CLIENT_SESSION_ROLE; delete tableName=CLIENT_SESSION_PROT_MAPPER; delete tableName=CLIENT_SESSION_NOTE; delete tableName=CLIENT_SESSION; delete tableName=USER_SESSION_NOTE; delete table...','',NULL,'3.5.4',NULL,NULL,'6697761772'),('1.4.0','bburke@redhat.com','META-INF/db2-jpa-changelog-1.4.0.xml','2021-07-19 12:29:45',12,'MARK_RAN','7:d909180b2530479a716d3f9c9eaea3d7','delete tableName=CLIENT_SESSION_AUTH_STATUS; delete tableName=CLIENT_SESSION_ROLE; delete tableName=CLIENT_SESSION_PROT_MAPPER; delete tableName=CLIENT_SESSION_NOTE; delete tableName=CLIENT_SESSION; delete tableName=USER_SESSION_NOTE; delete table...','',NULL,'3.5.4',NULL,NULL,'6697761772'),('1.5.0','bburke@redhat.com','META-INF/jpa-changelog-1.5.0.xml','2021-07-19 12:29:46',13,'EXECUTED','7:cf12b04b79bea5152f165eb41f3955f6','delete tableName=CLIENT_SESSION_AUTH_STATUS; delete tableName=CLIENT_SESSION_ROLE; delete tableName=CLIENT_SESSION_PROT_MAPPER; delete tableName=CLIENT_SESSION_NOTE; delete tableName=CLIENT_SESSION; delete tableName=USER_SESSION_NOTE; delete table...','',NULL,'3.5.4',NULL,NULL,'6697761772'),('1.6.1_from15','mposolda@redhat.com','META-INF/jpa-changelog-1.6.1.xml','2021-07-19 12:29:46',14,'EXECUTED','7:7e32c8f05c755e8675764e7d5f514509','addColumn tableName=REALM; addColumn tableName=KEYCLOAK_ROLE; addColumn tableName=CLIENT; createTable tableName=OFFLINE_USER_SESSION; createTable tableName=OFFLINE_CLIENT_SESSION; addPrimaryKey constraintName=CONSTRAINT_OFFL_US_SES_PK2, tableName=...','',NULL,'3.5.4',NULL,NULL,'6697761772'),('1.6.1_from16-pre','mposolda@redhat.com','META-INF/jpa-changelog-1.6.1.xml','2021-07-19 12:29:46',15,'MARK_RAN','7:980ba23cc0ec39cab731ce903dd01291','delete tableName=OFFLINE_CLIENT_SESSION; delete tableName=OFFLINE_USER_SESSION','',NULL,'3.5.4',NULL,NULL,'6697761772'),('1.6.1_from16','mposolda@redhat.com','META-INF/jpa-changelog-1.6.1.xml','2021-07-19 12:29:46',16,'MARK_RAN','7:2fa220758991285312eb84f3b4ff5336','dropPrimaryKey constraintName=CONSTRAINT_OFFLINE_US_SES_PK, tableName=OFFLINE_USER_SESSION; dropPrimaryKey constraintName=CONSTRAINT_OFFLINE_CL_SES_PK, tableName=OFFLINE_CLIENT_SESSION; addColumn tableName=OFFLINE_USER_SESSION; update tableName=OF...','',NULL,'3.5.4',NULL,NULL,'6697761772'),('1.6.1','mposolda@redhat.com','META-INF/jpa-changelog-1.6.1.xml','2021-07-19 12:29:46',17,'EXECUTED','7:d41d8cd98f00b204e9800998ecf8427e','empty','',NULL,'3.5.4',NULL,NULL,'6697761772'),('1.7.0','bburke@redhat.com','META-INF/jpa-changelog-1.7.0.xml','2021-07-19 12:29:49',18,'EXECUTED','7:91ace540896df890cc00a0490ee52bbc','createTable tableName=KEYCLOAK_GROUP; createTable tableName=GROUP_ROLE_MAPPING; createTable tableName=GROUP_ATTRIBUTE; createTable tableName=USER_GROUP_MEMBERSHIP; createTable tableName=REALM_DEFAULT_GROUPS; addColumn tableName=IDENTITY_PROVIDER; ...','',NULL,'3.5.4',NULL,NULL,'6697761772'),('1.8.0','mposolda@redhat.com','META-INF/jpa-changelog-1.8.0.xml','2021-07-19 12:29:51',19,'EXECUTED','7:c31d1646dfa2618a9335c00e07f89f24','addColumn tableName=IDENTITY_PROVIDER; createTable tableName=CLIENT_TEMPLATE; createTable tableName=CLIENT_TEMPLATE_ATTRIBUTES; createTable tableName=TEMPLATE_SCOPE_MAPPING; dropNotNullConstraint columnName=CLIENT_ID, tableName=PROTOCOL_MAPPER; ad...','',NULL,'3.5.4',NULL,NULL,'6697761772'),('1.8.0-2','keycloak','META-INF/jpa-changelog-1.8.0.xml','2021-07-19 12:29:51',20,'EXECUTED','7:df8bc21027a4f7cbbb01f6344e89ce07','dropDefaultValue columnName=ALGORITHM, tableName=CREDENTIAL; update tableName=CREDENTIAL','',NULL,'3.5.4',NULL,NULL,'6697761772'),('1.8.0','mposolda@redhat.com','META-INF/db2-jpa-changelog-1.8.0.xml','2021-07-19 12:29:51',21,'MARK_RAN','7:f987971fe6b37d963bc95fee2b27f8df','addColumn tableName=IDENTITY_PROVIDER; createTable tableName=CLIENT_TEMPLATE; createTable tableName=CLIENT_TEMPLATE_ATTRIBUTES; createTable tableName=TEMPLATE_SCOPE_MAPPING; dropNotNullConstraint columnName=CLIENT_ID, tableName=PROTOCOL_MAPPER; ad...','',NULL,'3.5.4',NULL,NULL,'6697761772'),('1.8.0-2','keycloak','META-INF/db2-jpa-changelog-1.8.0.xml','2021-07-19 12:29:51',22,'MARK_RAN','7:df8bc21027a4f7cbbb01f6344e89ce07','dropDefaultValue columnName=ALGORITHM, tableName=CREDENTIAL; update tableName=CREDENTIAL','',NULL,'3.5.4',NULL,NULL,'6697761772'),('1.9.0','mposolda@redhat.com','META-INF/jpa-changelog-1.9.0.xml','2021-07-19 12:29:51',23,'EXECUTED','7:ed2dc7f799d19ac452cbcda56c929e47','update tableName=REALM; update tableName=REALM; update tableName=REALM; update tableName=REALM; update tableName=CREDENTIAL; update tableName=CREDENTIAL; update tableName=CREDENTIAL; update tableName=REALM; update tableName=REALM; customChange; dr...','',NULL,'3.5.4',NULL,NULL,'6697761772'),('1.9.1','keycloak','META-INF/jpa-changelog-1.9.1.xml','2021-07-19 12:29:52',24,'EXECUTED','7:80b5db88a5dda36ece5f235be8757615','modifyDataType columnName=PRIVATE_KEY, tableName=REALM; modifyDataType columnName=PUBLIC_KEY, tableName=REALM; modifyDataType columnName=CERTIFICATE, tableName=REALM','',NULL,'3.5.4',NULL,NULL,'6697761772'),('1.9.1','keycloak','META-INF/db2-jpa-changelog-1.9.1.xml','2021-07-19 12:29:52',25,'MARK_RAN','7:1437310ed1305a9b93f8848f301726ce','modifyDataType columnName=PRIVATE_KEY, tableName=REALM; modifyDataType columnName=CERTIFICATE, tableName=REALM','',NULL,'3.5.4',NULL,NULL,'6697761772'),('1.9.2','keycloak','META-INF/jpa-changelog-1.9.2.xml','2021-07-19 12:29:52',26,'EXECUTED','7:b82ffb34850fa0836be16deefc6a87c4','createIndex indexName=IDX_USER_EMAIL, tableName=USER_ENTITY; createIndex indexName=IDX_USER_ROLE_MAPPING, tableName=USER_ROLE_MAPPING; createIndex indexName=IDX_USER_GROUP_MAPPING, tableName=USER_GROUP_MEMBERSHIP; createIndex indexName=IDX_USER_CO...','',NULL,'3.5.4',NULL,NULL,'6697761772'),('authz-2.0.0','psilva@redhat.com','META-INF/jpa-changelog-authz-2.0.0.xml','2021-07-19 12:29:56',27,'EXECUTED','7:9cc98082921330d8d9266decdd4bd658','createTable tableName=RESOURCE_SERVER; addPrimaryKey constraintName=CONSTRAINT_FARS, tableName=RESOURCE_SERVER; addUniqueConstraint constraintName=UK_AU8TT6T700S9V50BU18WS5HA6, tableName=RESOURCE_SERVER; createTable tableName=RESOURCE_SERVER_RESOU...','',NULL,'3.5.4',NULL,NULL,'6697761772'),('authz-2.5.1','psilva@redhat.com','META-INF/jpa-changelog-authz-2.5.1.xml','2021-07-19 12:29:56',28,'EXECUTED','7:03d64aeed9cb52b969bd30a7ac0db57e','update tableName=RESOURCE_SERVER_POLICY','',NULL,'3.5.4',NULL,NULL,'6697761772'),('2.1.0-KEYCLOAK-5461','bburke@redhat.com','META-INF/jpa-changelog-2.1.0.xml','2021-07-19 12:30:04',29,'EXECUTED','7:f1f9fd8710399d725b780f463c6b21cd','createTable tableName=BROKER_LINK; createTable tableName=FED_USER_ATTRIBUTE; createTable tableName=FED_USER_CONSENT; createTable tableName=FED_USER_CONSENT_ROLE; createTable tableName=FED_USER_CONSENT_PROT_MAPPER; createTable tableName=FED_USER_CR...','',NULL,'3.5.4',NULL,NULL,'6697761772'),('2.2.0','bburke@redhat.com','META-INF/jpa-changelog-2.2.0.xml','2021-07-19 12:30:07',30,'EXECUTED','7:53188c3eb1107546e6f765835705b6c1','addColumn tableName=ADMIN_EVENT_ENTITY; createTable tableName=CREDENTIAL_ATTRIBUTE; createTable tableName=FED_CREDENTIAL_ATTRIBUTE; modifyDataType columnName=VALUE, tableName=CREDENTIAL; addForeignKeyConstraint baseTableName=FED_CREDENTIAL_ATTRIBU...','',NULL,'3.5.4',NULL,NULL,'6697761772'),('2.3.0','bburke@redhat.com','META-INF/jpa-changelog-2.3.0.xml','2021-07-19 12:30:10',31,'EXECUTED','7:d6e6f3bc57a0c5586737d1351725d4d4','createTable tableName=FEDERATED_USER; addPrimaryKey constraintName=CONSTR_FEDERATED_USER, tableName=FEDERATED_USER; dropDefaultValue columnName=TOTP, tableName=USER_ENTITY; dropColumn columnName=TOTP, tableName=USER_ENTITY; addColumn tableName=IDE...','',NULL,'3.5.4',NULL,NULL,'6697761772'),('2.4.0','bburke@redhat.com','META-INF/jpa-changelog-2.4.0.xml','2021-07-19 12:30:10',32,'EXECUTED','7:454d604fbd755d9df3fd9c6329043aa5','customChange','',NULL,'3.5.4',NULL,NULL,'6697761772'),('2.5.0','bburke@redhat.com','META-INF/jpa-changelog-2.5.0.xml','2021-07-19 12:30:10',33,'EXECUTED','7:57e98a3077e29caf562f7dbf80c72600','customChange; modifyDataType columnName=USER_ID, tableName=OFFLINE_USER_SESSION','',NULL,'3.5.4',NULL,NULL,'6697761772'),('2.5.0-unicode-oracle','hmlnarik@redhat.com','META-INF/jpa-changelog-2.5.0.xml','2021-07-19 12:30:10',34,'MARK_RAN','7:e4c7e8f2256210aee71ddc42f538b57a','modifyDataType columnName=DESCRIPTION, tableName=AUTHENTICATION_FLOW; modifyDataType columnName=DESCRIPTION, tableName=CLIENT_TEMPLATE; modifyDataType columnName=DESCRIPTION, tableName=RESOURCE_SERVER_POLICY; modifyDataType columnName=DESCRIPTION,...','',NULL,'3.5.4',NULL,NULL,'6697761772'),('2.5.0-unicode-other-dbs','hmlnarik@redhat.com','META-INF/jpa-changelog-2.5.0.xml','2021-07-19 12:30:14',35,'EXECUTED','7:09a43c97e49bc626460480aa1379b522','modifyDataType columnName=DESCRIPTION, tableName=AUTHENTICATION_FLOW; modifyDataType columnName=DESCRIPTION, tableName=CLIENT_TEMPLATE; modifyDataType columnName=DESCRIPTION, tableName=RESOURCE_SERVER_POLICY; modifyDataType columnName=DESCRIPTION,...','',NULL,'3.5.4',NULL,NULL,'6697761772'),('2.5.0-duplicate-email-support','slawomir@dabek.name','META-INF/jpa-changelog-2.5.0.xml','2021-07-19 12:30:14',36,'EXECUTED','7:26bfc7c74fefa9126f2ce702fb775553','addColumn tableName=REALM','',NULL,'3.5.4',NULL,NULL,'6697761772'),('2.5.0-unique-group-names','hmlnarik@redhat.com','META-INF/jpa-changelog-2.5.0.xml','2021-07-19 12:30:14',37,'EXECUTED','7:a161e2ae671a9020fff61e996a207377','addUniqueConstraint constraintName=SIBLING_NAMES, tableName=KEYCLOAK_GROUP','',NULL,'3.5.4',NULL,NULL,'6697761772'),('2.5.1','bburke@redhat.com','META-INF/jpa-changelog-2.5.1.xml','2021-07-19 12:30:14',38,'EXECUTED','7:37fc1781855ac5388c494f1442b3f717','addColumn tableName=FED_USER_CONSENT','',NULL,'3.5.4',NULL,NULL,'6697761772'),('3.0.0','bburke@redhat.com','META-INF/jpa-changelog-3.0.0.xml','2021-07-19 12:30:14',39,'EXECUTED','7:13a27db0dae6049541136adad7261d27','addColumn tableName=IDENTITY_PROVIDER','',NULL,'3.5.4',NULL,NULL,'6697761772'),('3.2.0-fix','keycloak','META-INF/jpa-changelog-3.2.0.xml','2021-07-19 12:30:14',40,'MARK_RAN','7:550300617e3b59e8af3a6294df8248a3','addNotNullConstraint columnName=REALM_ID, tableName=CLIENT_INITIAL_ACCESS','',NULL,'3.5.4',NULL,NULL,'6697761772'),('3.2.0-fix-with-keycloak-5416','keycloak','META-INF/jpa-changelog-3.2.0.xml','2021-07-19 12:30:14',41,'MARK_RAN','7:e3a9482b8931481dc2772a5c07c44f17','dropIndex indexName=IDX_CLIENT_INIT_ACC_REALM, tableName=CLIENT_INITIAL_ACCESS; addNotNullConstraint columnName=REALM_ID, tableName=CLIENT_INITIAL_ACCESS; createIndex indexName=IDX_CLIENT_INIT_ACC_REALM, tableName=CLIENT_INITIAL_ACCESS','',NULL,'3.5.4',NULL,NULL,'6697761772'),('3.2.0-fix-offline-sessions','hmlnarik','META-INF/jpa-changelog-3.2.0.xml','2021-07-19 12:30:14',42,'EXECUTED','7:72b07d85a2677cb257edb02b408f332d','customChange','',NULL,'3.5.4',NULL,NULL,'6697761772'),('3.2.0-fixed','keycloak','META-INF/jpa-changelog-3.2.0.xml','2021-07-19 12:30:18',43,'EXECUTED','7:a72a7858967bd414835d19e04d880312','addColumn tableName=REALM; dropPrimaryKey constraintName=CONSTRAINT_OFFL_CL_SES_PK2, tableName=OFFLINE_CLIENT_SESSION; dropColumn columnName=CLIENT_SESSION_ID, tableName=OFFLINE_CLIENT_SESSION; addPrimaryKey constraintName=CONSTRAINT_OFFL_CL_SES_P...','',NULL,'3.5.4',NULL,NULL,'6697761772'),('3.3.0','keycloak','META-INF/jpa-changelog-3.3.0.xml','2021-07-19 12:30:18',44,'EXECUTED','7:94edff7cf9ce179e7e85f0cd78a3cf2c','addColumn tableName=USER_ENTITY','',NULL,'3.5.4',NULL,NULL,'6697761772'),('authz-3.4.0.CR1-resource-server-pk-change-part1','glavoie@gmail.com','META-INF/jpa-changelog-authz-3.4.0.CR1.xml','2021-07-19 12:30:18',45,'EXECUTED','7:6a48ce645a3525488a90fbf76adf3bb3','addColumn tableName=RESOURCE_SERVER_POLICY; addColumn tableName=RESOURCE_SERVER_RESOURCE; addColumn tableName=RESOURCE_SERVER_SCOPE','',NULL,'3.5.4',NULL,NULL,'6697761772'),('authz-3.4.0.CR1-resource-server-pk-change-part2-KEYCLOAK-6095','hmlnarik@redhat.com','META-INF/jpa-changelog-authz-3.4.0.CR1.xml','2021-07-19 12:30:18',46,'EXECUTED','7:e64b5dcea7db06077c6e57d3b9e5ca14','customChange','',NULL,'3.5.4',NULL,NULL,'6697761772'),('authz-3.4.0.CR1-resource-server-pk-change-part3-fixed','glavoie@gmail.com','META-INF/jpa-changelog-authz-3.4.0.CR1.xml','2021-07-19 12:30:18',47,'MARK_RAN','7:fd8cf02498f8b1e72496a20afc75178c','dropIndex indexName=IDX_RES_SERV_POL_RES_SERV, tableName=RESOURCE_SERVER_POLICY; dropIndex indexName=IDX_RES_SRV_RES_RES_SRV, tableName=RESOURCE_SERVER_RESOURCE; dropIndex indexName=IDX_RES_SRV_SCOPE_RES_SRV, tableName=RESOURCE_SERVER_SCOPE','',NULL,'3.5.4',NULL,NULL,'6697761772'),('authz-3.4.0.CR1-resource-server-pk-change-part3-fixed-nodropindex','glavoie@gmail.com','META-INF/jpa-changelog-authz-3.4.0.CR1.xml','2021-07-19 12:30:21',48,'EXECUTED','7:542794f25aa2b1fbabb7e577d6646319','addNotNullConstraint columnName=RESOURCE_SERVER_CLIENT_ID, tableName=RESOURCE_SERVER_POLICY; addNotNullConstraint columnName=RESOURCE_SERVER_CLIENT_ID, tableName=RESOURCE_SERVER_RESOURCE; addNotNullConstraint columnName=RESOURCE_SERVER_CLIENT_ID, ...','',NULL,'3.5.4',NULL,NULL,'6697761772'),('authn-3.4.0.CR1-refresh-token-max-reuse','glavoie@gmail.com','META-INF/jpa-changelog-authz-3.4.0.CR1.xml','2021-07-19 12:30:21',49,'EXECUTED','7:edad604c882df12f74941dac3cc6d650','addColumn tableName=REALM','',NULL,'3.5.4',NULL,NULL,'6697761772'),('3.4.0','keycloak','META-INF/jpa-changelog-3.4.0.xml','2021-07-19 12:30:24',50,'EXECUTED','7:0f88b78b7b46480eb92690cbf5e44900','addPrimaryKey constraintName=CONSTRAINT_REALM_DEFAULT_ROLES, tableName=REALM_DEFAULT_ROLES; addPrimaryKey constraintName=CONSTRAINT_COMPOSITE_ROLE, tableName=COMPOSITE_ROLE; addPrimaryKey constraintName=CONSTR_REALM_DEFAULT_GROUPS, tableName=REALM...','',NULL,'3.5.4',NULL,NULL,'6697761772'),('3.4.0-KEYCLOAK-5230','hmlnarik@redhat.com','META-INF/jpa-changelog-3.4.0.xml','2021-07-19 12:30:24',51,'EXECUTED','7:d560e43982611d936457c327f872dd59','createIndex indexName=IDX_FU_ATTRIBUTE, tableName=FED_USER_ATTRIBUTE; createIndex indexName=IDX_FU_CONSENT, tableName=FED_USER_CONSENT; createIndex indexName=IDX_FU_CONSENT_RU, tableName=FED_USER_CONSENT; createIndex indexName=IDX_FU_CREDENTIAL, t...','',NULL,'3.5.4',NULL,NULL,'6697761772'),('3.4.1','psilva@redhat.com','META-INF/jpa-changelog-3.4.1.xml','2021-07-19 12:30:24',52,'EXECUTED','7:c155566c42b4d14ef07059ec3b3bbd8e','modifyDataType columnName=VALUE, tableName=CLIENT_ATTRIBUTES','',NULL,'3.5.4',NULL,NULL,'6697761772'),('3.4.2','keycloak','META-INF/jpa-changelog-3.4.2.xml','2021-07-19 12:30:24',53,'EXECUTED','7:b40376581f12d70f3c89ba8ddf5b7dea','update tableName=REALM','',NULL,'3.5.4',NULL,NULL,'6697761772'),('3.4.2-KEYCLOAK-5172','mkanis@redhat.com','META-INF/jpa-changelog-3.4.2.xml','2021-07-19 12:30:24',54,'EXECUTED','7:a1132cc395f7b95b3646146c2e38f168','update tableName=CLIENT','',NULL,'3.5.4',NULL,NULL,'6697761772'),('4.0.0-KEYCLOAK-6335','bburke@redhat.com','META-INF/jpa-changelog-4.0.0.xml','2021-07-19 12:30:24',55,'EXECUTED','7:d8dc5d89c789105cfa7ca0e82cba60af','createTable tableName=CLIENT_AUTH_FLOW_BINDINGS; addPrimaryKey constraintName=C_CLI_FLOW_BIND, tableName=CLIENT_AUTH_FLOW_BINDINGS','',NULL,'3.5.4',NULL,NULL,'6697761772'),('4.0.0-CLEANUP-UNUSED-TABLE','bburke@redhat.com','META-INF/jpa-changelog-4.0.0.xml','2021-07-19 12:30:24',56,'EXECUTED','7:7822e0165097182e8f653c35517656a3','dropTable tableName=CLIENT_IDENTITY_PROV_MAPPING','',NULL,'3.5.4',NULL,NULL,'6697761772'),('4.0.0-KEYCLOAK-6228','bburke@redhat.com','META-INF/jpa-changelog-4.0.0.xml','2021-07-19 12:30:25',57,'EXECUTED','7:c6538c29b9c9a08f9e9ea2de5c2b6375','dropUniqueConstraint constraintName=UK_JKUWUVD56ONTGSUHOGM8UEWRT, tableName=USER_CONSENT; dropNotNullConstraint columnName=CLIENT_ID, tableName=USER_CONSENT; addColumn tableName=USER_CONSENT; addUniqueConstraint constraintName=UK_JKUWUVD56ONTGSUHO...','',NULL,'3.5.4',NULL,NULL,'6697761772'),('4.0.0-KEYCLOAK-5579-fixed','mposolda@redhat.com','META-INF/jpa-changelog-4.0.0.xml','2021-07-19 12:30:31',58,'EXECUTED','7:6d4893e36de22369cf73bcb051ded875','dropForeignKeyConstraint baseTableName=CLIENT_TEMPLATE_ATTRIBUTES, constraintName=FK_CL_TEMPL_ATTR_TEMPL; renameTable newTableName=CLIENT_SCOPE_ATTRIBUTES, oldTableName=CLIENT_TEMPLATE_ATTRIBUTES; renameColumn newColumnName=SCOPE_ID, oldColumnName...','',NULL,'3.5.4',NULL,NULL,'6697761772'),('authz-4.0.0.CR1','psilva@redhat.com','META-INF/jpa-changelog-authz-4.0.0.CR1.xml','2021-07-19 12:30:32',59,'EXECUTED','7:57960fc0b0f0dd0563ea6f8b2e4a1707','createTable tableName=RESOURCE_SERVER_PERM_TICKET; addPrimaryKey constraintName=CONSTRAINT_FAPMT, tableName=RESOURCE_SERVER_PERM_TICKET; addForeignKeyConstraint baseTableName=RESOURCE_SERVER_PERM_TICKET, constraintName=FK_FRSRHO213XCX4WNKOG82SSPMT...','',NULL,'3.5.4',NULL,NULL,'6697761772'),('authz-4.0.0.Beta3','psilva@redhat.com','META-INF/jpa-changelog-authz-4.0.0.Beta3.xml','2021-07-19 12:30:33',60,'EXECUTED','7:2b4b8bff39944c7097977cc18dbceb3b','addColumn tableName=RESOURCE_SERVER_POLICY; addColumn tableName=RESOURCE_SERVER_PERM_TICKET; addForeignKeyConstraint baseTableName=RESOURCE_SERVER_PERM_TICKET, constraintName=FK_FRSRPO2128CX4WNKOG82SSRFY, referencedTableName=RESOURCE_SERVER_POLICY','',NULL,'3.5.4',NULL,NULL,'6697761772'),('authz-4.2.0.Final','mhajas@redhat.com','META-INF/jpa-changelog-authz-4.2.0.Final.xml','2021-07-19 12:30:33',61,'EXECUTED','7:2aa42a964c59cd5b8ca9822340ba33a8','createTable tableName=RESOURCE_URIS; addForeignKeyConstraint baseTableName=RESOURCE_URIS, constraintName=FK_RESOURCE_SERVER_URIS, referencedTableName=RESOURCE_SERVER_RESOURCE; customChange; dropColumn columnName=URI, tableName=RESOURCE_SERVER_RESO...','',NULL,'3.5.4',NULL,NULL,'6697761772'),('authz-4.2.0.Final-KEYCLOAK-9944','hmlnarik@redhat.com','META-INF/jpa-changelog-authz-4.2.0.Final.xml','2021-07-19 12:30:33',62,'EXECUTED','7:9ac9e58545479929ba23f4a3087a0346','addPrimaryKey constraintName=CONSTRAINT_RESOUR_URIS_PK, tableName=RESOURCE_URIS','',NULL,'3.5.4',NULL,NULL,'6697761772'),('4.2.0-KEYCLOAK-6313','wadahiro@gmail.com','META-INF/jpa-changelog-4.2.0.xml','2021-07-19 12:30:33',63,'EXECUTED','7:14d407c35bc4fe1976867756bcea0c36','addColumn tableName=REQUIRED_ACTION_PROVIDER','',NULL,'3.5.4',NULL,NULL,'6697761772'),('4.3.0-KEYCLOAK-7984','wadahiro@gmail.com','META-INF/jpa-changelog-4.3.0.xml','2021-07-19 12:30:33',64,'EXECUTED','7:241a8030c748c8548e346adee548fa93','update tableName=REQUIRED_ACTION_PROVIDER','',NULL,'3.5.4',NULL,NULL,'6697761772'),('4.6.0-KEYCLOAK-7950','psilva@redhat.com','META-INF/jpa-changelog-4.6.0.xml','2021-07-19 12:30:33',65,'EXECUTED','7:7d3182f65a34fcc61e8d23def037dc3f','update tableName=RESOURCE_SERVER_RESOURCE','',NULL,'3.5.4',NULL,NULL,'6697761772'),('4.6.0-KEYCLOAK-8377','keycloak','META-INF/jpa-changelog-4.6.0.xml','2021-07-19 12:30:34',66,'EXECUTED','7:b30039e00a0b9715d430d1b0636728fa','createTable tableName=ROLE_ATTRIBUTE; addPrimaryKey constraintName=CONSTRAINT_ROLE_ATTRIBUTE_PK, tableName=ROLE_ATTRIBUTE; addForeignKeyConstraint baseTableName=ROLE_ATTRIBUTE, constraintName=FK_ROLE_ATTRIBUTE_ID, referencedTableName=KEYCLOAK_ROLE...','',NULL,'3.5.4',NULL,NULL,'6697761772'),('4.6.0-KEYCLOAK-8555','gideonray@gmail.com','META-INF/jpa-changelog-4.6.0.xml','2021-07-19 12:30:34',67,'EXECUTED','7:3797315ca61d531780f8e6f82f258159','createIndex indexName=IDX_COMPONENT_PROVIDER_TYPE, tableName=COMPONENT','',NULL,'3.5.4',NULL,NULL,'6697761772'),('4.7.0-KEYCLOAK-1267','sguilhen@redhat.com','META-INF/jpa-changelog-4.7.0.xml','2021-07-19 12:30:34',68,'EXECUTED','7:c7aa4c8d9573500c2d347c1941ff0301','addColumn tableName=REALM','',NULL,'3.5.4',NULL,NULL,'6697761772'),('4.7.0-KEYCLOAK-7275','keycloak','META-INF/jpa-changelog-4.7.0.xml','2021-07-19 12:30:34',69,'EXECUTED','7:b207faee394fc074a442ecd42185a5dd','renameColumn newColumnName=CREATED_ON, oldColumnName=LAST_SESSION_REFRESH, tableName=OFFLINE_USER_SESSION; addNotNullConstraint columnName=CREATED_ON, tableName=OFFLINE_USER_SESSION; addColumn tableName=OFFLINE_USER_SESSION; customChange; createIn...','',NULL,'3.5.4',NULL,NULL,'6697761772'),('4.8.0-KEYCLOAK-8835','sguilhen@redhat.com','META-INF/jpa-changelog-4.8.0.xml','2021-07-19 12:30:35',70,'EXECUTED','7:ab9a9762faaba4ddfa35514b212c4922','addNotNullConstraint columnName=SSO_MAX_LIFESPAN_REMEMBER_ME, tableName=REALM; addNotNullConstraint columnName=SSO_IDLE_TIMEOUT_REMEMBER_ME, tableName=REALM','',NULL,'3.5.4',NULL,NULL,'6697761772'),('authz-7.0.0-KEYCLOAK-10443','psilva@redhat.com','META-INF/jpa-changelog-authz-7.0.0.xml','2021-07-19 12:30:35',71,'EXECUTED','7:b9710f74515a6ccb51b72dc0d19df8c4','addColumn tableName=RESOURCE_SERVER','',NULL,'3.5.4',NULL,NULL,'6697761772'),('8.0.0-adding-credential-columns','keycloak','META-INF/jpa-changelog-8.0.0.xml','2021-07-19 12:30:35',72,'EXECUTED','7:ec9707ae4d4f0b7452fee20128083879','addColumn tableName=CREDENTIAL; addColumn tableName=FED_USER_CREDENTIAL','',NULL,'3.5.4',NULL,NULL,'6697761772'),('8.0.0-updating-credential-data-not-oracle','keycloak','META-INF/jpa-changelog-8.0.0.xml','2021-07-19 12:30:35',73,'EXECUTED','7:03b3f4b264c3c68ba082250a80b74216','update tableName=CREDENTIAL; update tableName=CREDENTIAL; update tableName=CREDENTIAL; update tableName=FED_USER_CREDENTIAL; update tableName=FED_USER_CREDENTIAL; update tableName=FED_USER_CREDENTIAL','',NULL,'3.5.4',NULL,NULL,'6697761772'),('8.0.0-updating-credential-data-oracle','keycloak','META-INF/jpa-changelog-8.0.0.xml','2021-07-19 12:30:35',74,'MARK_RAN','7:64c5728f5ca1f5aa4392217701c4fe23','update tableName=CREDENTIAL; update tableName=CREDENTIAL; update tableName=CREDENTIAL; update tableName=FED_USER_CREDENTIAL; update tableName=FED_USER_CREDENTIAL; update tableName=FED_USER_CREDENTIAL','',NULL,'3.5.4',NULL,NULL,'6697761772'),('8.0.0-credential-cleanup-fixed','keycloak','META-INF/jpa-changelog-8.0.0.xml','2021-07-19 12:30:38',75,'EXECUTED','7:b48da8c11a3d83ddd6b7d0c8c2219345','dropDefaultValue columnName=COUNTER, tableName=CREDENTIAL; dropDefaultValue columnName=DIGITS, tableName=CREDENTIAL; dropDefaultValue columnName=PERIOD, tableName=CREDENTIAL; dropDefaultValue columnName=ALGORITHM, tableName=CREDENTIAL; dropColumn ...','',NULL,'3.5.4',NULL,NULL,'6697761772'),('8.0.0-resource-tag-support','keycloak','META-INF/jpa-changelog-8.0.0.xml','2021-07-19 12:30:38',76,'EXECUTED','7:a73379915c23bfad3e8f5c6d5c0aa4bd','addColumn tableName=MIGRATION_MODEL; createIndex indexName=IDX_UPDATE_TIME, tableName=MIGRATION_MODEL','',NULL,'3.5.4',NULL,NULL,'6697761772'),('9.0.0-always-display-client','keycloak','META-INF/jpa-changelog-9.0.0.xml','2021-07-19 12:30:38',77,'EXECUTED','7:39e0073779aba192646291aa2332493d','addColumn tableName=CLIENT','',NULL,'3.5.4',NULL,NULL,'6697761772'),('9.0.0-drop-constraints-for-column-increase','keycloak','META-INF/jpa-changelog-9.0.0.xml','2021-07-19 12:30:38',78,'MARK_RAN','7:81f87368f00450799b4bf42ea0b3ec34','dropUniqueConstraint constraintName=UK_FRSR6T700S9V50BU18WS5PMT, tableName=RESOURCE_SERVER_PERM_TICKET; dropUniqueConstraint constraintName=UK_FRSR6T700S9V50BU18WS5HA6, tableName=RESOURCE_SERVER_RESOURCE; dropPrimaryKey constraintName=CONSTRAINT_O...','',NULL,'3.5.4',NULL,NULL,'6697761772'),('9.0.0-increase-column-size-federated-fk','keycloak','META-INF/jpa-changelog-9.0.0.xml','2021-07-19 12:30:40',79,'EXECUTED','7:20b37422abb9fb6571c618148f013a15','modifyDataType columnName=CLIENT_ID, tableName=FED_USER_CONSENT; modifyDataType columnName=CLIENT_REALM_CONSTRAINT, tableName=KEYCLOAK_ROLE; modifyDataType columnName=OWNER, tableName=RESOURCE_SERVER_POLICY; modifyDataType columnName=CLIENT_ID, ta...','',NULL,'3.5.4',NULL,NULL,'6697761772'),('9.0.0-recreate-constraints-after-column-increase','keycloak','META-INF/jpa-changelog-9.0.0.xml','2021-07-19 12:30:40',80,'MARK_RAN','7:1970bb6cfb5ee800736b95ad3fb3c78a','addNotNullConstraint columnName=CLIENT_ID, tableName=OFFLINE_CLIENT_SESSION; addNotNullConstraint columnName=OWNER, tableName=RESOURCE_SERVER_PERM_TICKET; addNotNullConstraint columnName=REQUESTER, tableName=RESOURCE_SERVER_PERM_TICKET; addNotNull...','',NULL,'3.5.4',NULL,NULL,'6697761772'),('9.0.1-add-index-to-client.client_id','keycloak','META-INF/jpa-changelog-9.0.1.xml','2021-07-19 12:30:41',81,'EXECUTED','7:45d9b25fc3b455d522d8dcc10a0f4c80','createIndex indexName=IDX_CLIENT_ID, tableName=CLIENT','',NULL,'3.5.4',NULL,NULL,'6697761772'),('9.0.1-KEYCLOAK-12579-drop-constraints','keycloak','META-INF/jpa-changelog-9.0.1.xml','2021-07-19 12:30:41',82,'MARK_RAN','7:890ae73712bc187a66c2813a724d037f','dropUniqueConstraint constraintName=SIBLING_NAMES, tableName=KEYCLOAK_GROUP','',NULL,'3.5.4',NULL,NULL,'6697761772'),('9.0.1-KEYCLOAK-12579-add-not-null-constraint','keycloak','META-INF/jpa-changelog-9.0.1.xml','2021-07-19 12:30:41',83,'EXECUTED','7:0a211980d27fafe3ff50d19a3a29b538','addNotNullConstraint columnName=PARENT_GROUP, tableName=KEYCLOAK_GROUP','',NULL,'3.5.4',NULL,NULL,'6697761772'),('9.0.1-KEYCLOAK-12579-recreate-constraints','keycloak','META-INF/jpa-changelog-9.0.1.xml','2021-07-19 12:30:41',84,'MARK_RAN','7:a161e2ae671a9020fff61e996a207377','addUniqueConstraint constraintName=SIBLING_NAMES, tableName=KEYCLOAK_GROUP','',NULL,'3.5.4',NULL,NULL,'6697761772'),('9.0.1-add-index-to-events','keycloak','META-INF/jpa-changelog-9.0.1.xml','2021-07-19 12:30:41',85,'EXECUTED','7:01c49302201bdf815b0a18d1f98a55dc','createIndex indexName=IDX_EVENT_TIME, tableName=EVENT_ENTITY','',NULL,'3.5.4',NULL,NULL,'6697761772'),('map-remove-ri','keycloak','META-INF/jpa-changelog-11.0.0.xml','2021-07-19 12:30:42',86,'EXECUTED','7:3dace6b144c11f53f1ad2c0361279b86','dropForeignKeyConstraint baseTableName=REALM, constraintName=FK_TRAF444KK6QRKMS7N56AIWQ5Y; dropForeignKeyConstraint baseTableName=KEYCLOAK_ROLE, constraintName=FK_KJHO5LE2C0RAL09FL8CM9WFW9','',NULL,'3.5.4',NULL,NULL,'6697761772'),('8.0.0-updating-credential-data-not-oracle-fixed','keycloak','META-INF/jpa-changelog-8.0.0.xml','2021-07-20 06:01:06',87,'MARK_RAN','7:3979a0ae07ac465e920ca696532fc736','update tableName=CREDENTIAL; update tableName=CREDENTIAL; update tableName=CREDENTIAL; update tableName=FED_USER_CREDENTIAL; update tableName=FED_USER_CREDENTIAL; update tableName=FED_USER_CREDENTIAL','',NULL,'3.5.4',NULL,NULL,'6760866530'),('8.0.0-updating-credential-data-oracle-fixed','keycloak','META-INF/jpa-changelog-8.0.0.xml','2021-07-20 06:01:06',88,'MARK_RAN','7:5abfde4c259119d143bd2fbf49ac2bca','update tableName=CREDENTIAL; update tableName=CREDENTIAL; update tableName=CREDENTIAL; update tableName=FED_USER_CREDENTIAL; update tableName=FED_USER_CREDENTIAL; update tableName=FED_USER_CREDENTIAL','',NULL,'3.5.4',NULL,NULL,'6760866530'),('map-remove-ri','keycloak','META-INF/jpa-changelog-12.0.0.xml','2021-07-20 06:01:06',89,'EXECUTED','7:578d0b92077eaf2ab95ad0ec087aa903','dropForeignKeyConstraint baseTableName=REALM_DEFAULT_GROUPS, constraintName=FK_DEF_GROUPS_GROUP; dropForeignKeyConstraint baseTableName=REALM_DEFAULT_ROLES, constraintName=FK_H4WPD7W4HSOOLNI3H0SW7BTJE; dropForeignKeyConstraint baseTableName=CLIENT...','',NULL,'3.5.4',NULL,NULL,'6760866530'),('12.1.0-add-realm-localization-table','keycloak','META-INF/jpa-changelog-12.0.0.xml','2021-07-20 06:01:06',90,'EXECUTED','7:c95abe90d962c57a09ecaee57972835d','createTable tableName=REALM_LOCALIZATIONS; addPrimaryKey tableName=REALM_LOCALIZATIONS','',NULL,'3.5.4',NULL,NULL,'6760866530'),('default-roles','keycloak','META-INF/jpa-changelog-13.0.0.xml','2021-07-20 06:01:07',91,'EXECUTED','7:f1313bcc2994a5c4dc1062ed6d8282d3','addColumn tableName=REALM; customChange','',NULL,'3.5.4',NULL,NULL,'6760866530'),('default-roles-cleanup','keycloak','META-INF/jpa-changelog-13.0.0.xml','2021-07-20 06:01:07',92,'EXECUTED','7:90d763b52eaffebefbcbde55f269508b','dropTable tableName=REALM_DEFAULT_ROLES; dropTable tableName=CLIENT_DEFAULT_ROLES','',NULL,'3.5.4',NULL,NULL,'6760866530'),('13.0.0-KEYCLOAK-16844','keycloak','META-INF/jpa-changelog-13.0.0.xml','2021-07-20 06:01:07',93,'EXECUTED','7:d554f0cb92b764470dccfa5e0014a7dd','createIndex indexName=IDX_OFFLINE_USS_PRELOAD, tableName=OFFLINE_USER_SESSION','',NULL,'3.5.4',NULL,NULL,'6760866530'),('map-remove-ri-13.0.0','keycloak','META-INF/jpa-changelog-13.0.0.xml','2021-07-20 06:01:07',94,'EXECUTED','7:73193e3ab3c35cf0f37ccea3bf783764','dropForeignKeyConstraint baseTableName=DEFAULT_CLIENT_SCOPE, constraintName=FK_R_DEF_CLI_SCOPE_SCOPE; dropForeignKeyConstraint baseTableName=CLIENT_SCOPE_CLIENT, constraintName=FK_C_CLI_SCOPE_SCOPE; dropForeignKeyConstraint baseTableName=CLIENT_SC...','',NULL,'3.5.4',NULL,NULL,'6760866530'),('13.0.0-KEYCLOAK-17992-drop-constraints','keycloak','META-INF/jpa-changelog-13.0.0.xml','2021-07-20 06:01:07',95,'MARK_RAN','7:90a1e74f92e9cbaa0c5eab80b8a037f3','dropPrimaryKey constraintName=C_CLI_SCOPE_BIND, tableName=CLIENT_SCOPE_CLIENT; dropIndex indexName=IDX_CLSCOPE_CL, tableName=CLIENT_SCOPE_CLIENT; dropIndex indexName=IDX_CL_CLSCOPE, tableName=CLIENT_SCOPE_CLIENT','',NULL,'3.5.4',NULL,NULL,'6760866530'),('13.0.0-increase-column-size-federated','keycloak','META-INF/jpa-changelog-13.0.0.xml','2021-07-20 06:01:08',96,'EXECUTED','7:5b9248f29cd047c200083cc6d8388b16','modifyDataType columnName=CLIENT_ID, tableName=CLIENT_SCOPE_CLIENT; modifyDataType columnName=SCOPE_ID, tableName=CLIENT_SCOPE_CLIENT','',NULL,'3.5.4',NULL,NULL,'6760866530'),('13.0.0-KEYCLOAK-17992-recreate-constraints','keycloak','META-INF/jpa-changelog-13.0.0.xml','2021-07-20 06:01:08',97,'MARK_RAN','7:64db59e44c374f13955489e8990d17a1','addNotNullConstraint columnName=CLIENT_ID, tableName=CLIENT_SCOPE_CLIENT; addNotNullConstraint columnName=SCOPE_ID, tableName=CLIENT_SCOPE_CLIENT; addPrimaryKey constraintName=C_CLI_SCOPE_BIND, tableName=CLIENT_SCOPE_CLIENT; createIndex indexName=...','',NULL,'3.5.4',NULL,NULL,'6760866530'),('json-string-accomodation-fixed','keycloak','META-INF/jpa-changelog-13.0.0.xml','2021-07-20 06:01:08',98,'EXECUTED','7:329a578cdb43262fff975f0a7f6cda60','addColumn tableName=REALM_ATTRIBUTE; update tableName=REALM_ATTRIBUTE; dropColumn columnName=VALUE, tableName=REALM_ATTRIBUTE; renameColumn newColumnName=VALUE, oldColumnName=VALUE_NEW, tableName=REALM_ATTRIBUTE','',NULL,'3.5.4',NULL,NULL,'6760866530'),('14.0.0-KEYCLOAK-11019','keycloak','META-INF/jpa-changelog-14.0.0.xml','2021-07-20 06:01:08',99,'EXECUTED','7:fae0de241ac0fd0bbc2b380b85e4f567','createIndex indexName=IDX_OFFLINE_CSS_PRELOAD, tableName=OFFLINE_CLIENT_SESSION; createIndex indexName=IDX_OFFLINE_USS_BY_USER, tableName=OFFLINE_USER_SESSION; createIndex indexName=IDX_OFFLINE_USS_BY_USERSESS, tableName=OFFLINE_USER_SESSION','',NULL,'3.5.4',NULL,NULL,'6760866530'),('14.0.0-KEYCLOAK-18286','keycloak','META-INF/jpa-changelog-14.0.0.xml','2021-07-20 06:01:08',100,'MARK_RAN','7:075d54e9180f49bb0c64ca4218936e81','createIndex indexName=IDX_CLIENT_ATT_BY_NAME_VALUE, tableName=CLIENT_ATTRIBUTES','',NULL,'3.5.4',NULL,NULL,'6760866530'),('14.0.0-KEYCLOAK-18286-mysql','keycloak','META-INF/jpa-changelog-14.0.0.xml','2021-07-20 06:01:08',101,'EXECUTED','7:b558ad47ea0e4d3c3514225a49cc0d65','createIndex indexName=IDX_CLIENT_ATT_BY_NAME_VALUE, tableName=CLIENT_ATTRIBUTES','',NULL,'3.5.4',NULL,NULL,'6760866530'),('KEYCLOAK-17267-add-index-to-user-attributes','keycloak','META-INF/jpa-changelog-14.0.0.xml','2021-07-20 06:01:08',102,'EXECUTED','7:1a7f28ff8d9e53aeb879d76ea3d9341a','createIndex indexName=IDX_USER_ATTRIBUTE_NAME, tableName=USER_ATTRIBUTE','',NULL,'3.5.4',NULL,NULL,'6760866530'),('KEYCLOAK-18146-add-saml-art-binding-identifier','keycloak','META-INF/jpa-changelog-14.0.0.xml','2021-07-20 06:01:08',103,'EXECUTED','7:2fd554456fed4a82c698c555c5b751b6','customChange','',NULL,'3.5.4',NULL,NULL,'6760866530');
/*!40000 ALTER TABLE `DATABASECHANGELOG` ENABLE KEYS */;
UNLOCK TABLES;

--
-- Dumping data for table `DATABASECHANGELOGLOCK`
--

LOCK TABLES `DATABASECHANGELOGLOCK` WRITE;
/*!40000 ALTER TABLE `DATABASECHANGELOGLOCK` DISABLE KEYS */;
INSERT INTO `DATABASECHANGELOGLOCK` VALUES (1,_binary '\0',NULL,NULL),(1000,_binary '\0',NULL,NULL),(1001,_binary '\0',NULL,NULL);
/*!40000 ALTER TABLE `DATABASECHANGELOGLOCK` ENABLE KEYS */;
UNLOCK TABLES;

--
-- Dumping data for table `DEFAULT_CLIENT_SCOPE`
--

LOCK TABLES `DEFAULT_CLIENT_SCOPE` WRITE;
/*!40000 ALTER TABLE `DEFAULT_CLIENT_SCOPE` DISABLE KEYS */;
INSERT INTO `DEFAULT_CLIENT_SCOPE` VALUES ('JCP','2f82c51b-1aae-4be3-b307-58ec1283e197',_binary '\0'),('JCP','36d55e21-bcc4-4ee9-9e67-ab0fc0f190cd',_binary ''),('JCP','44fcb7fc-1311-4d67-84a1-b030aabc8381',_binary ''),('JCP','685436ea-8562-4bce-a53d-48e98d30249e',_binary ''),('JCP','7da4ef2e-c424-449f-9b4d-b8ac3f7b37ad',_binary '\0'),('JCP','a12673c4-64cd-450e-adf0-dfd96d4ad5a6',_binary ''),('JCP','dad3a98f-3a49-4184-87a7-652ece9b2eb4',_binary '\0'),('JCP','db97416d-73d3-4535-bc2f-6bcd60bb3182',_binary ''),('JCP','e86d2fcf-e398-4282-b81e-6dde3996c1de',_binary '\0'),('master','7463c88b-9628-4073-943a-d837c8c19974',_binary ''),('master','76e84477-6e93-4aaf-904f-e7a69e116a26',_binary '\0'),('master','785bd22e-1449-4093-9609-77be270a117e',_binary ''),('master','85677790-0e5f-4ab4-992c-8af99d9a9845',_binary ''),('master','8c078c9a-ddb4-4ca5-a1d5-33c8caa77b2c',_binary '\0'),('master','a44d0ac9-5c6c-48f1-81c6-f2db54d3ba4f',_binary ''),('master','c15a8bab-bf58-49b7-84b2-a05639b46288',_binary '\0'),('master','d390f743-7e1f-4cfa-8bd6-d941fcd071af',_binary '\0'),('master','eac946ae-01de-4c6f-9f26-4e0944298ad4',_binary '');
/*!40000 ALTER TABLE `DEFAULT_CLIENT_SCOPE` ENABLE KEYS */;
UNLOCK TABLES;

--
-- Dumping data for table `EVENT_ENTITY`
--

LOCK TABLES `EVENT_ENTITY` WRITE;
/*!40000 ALTER TABLE `EVENT_ENTITY` DISABLE KEYS */;
/*!40000 ALTER TABLE `EVENT_ENTITY` ENABLE KEYS */;
UNLOCK TABLES;

--
-- Dumping data for table `FED_USER_ATTRIBUTE`
--

LOCK TABLES `FED_USER_ATTRIBUTE` WRITE;
/*!40000 ALTER TABLE `FED_USER_ATTRIBUTE` DISABLE KEYS */;
/*!40000 ALTER TABLE `FED_USER_ATTRIBUTE` ENABLE KEYS */;
UNLOCK TABLES;

--
-- Dumping data for table `FED_USER_CONSENT`
--

LOCK TABLES `FED_USER_CONSENT` WRITE;
/*!40000 ALTER TABLE `FED_USER_CONSENT` DISABLE KEYS */;
/*!40000 ALTER TABLE `FED_USER_CONSENT` ENABLE KEYS */;
UNLOCK TABLES;

--
-- Dumping data for table `FED_USER_CONSENT_CL_SCOPE`
--

LOCK TABLES `FED_USER_CONSENT_CL_SCOPE` WRITE;
/*!40000 ALTER TABLE `FED_USER_CONSENT_CL_SCOPE` DISABLE KEYS */;
/*!40000 ALTER TABLE `FED_USER_CONSENT_CL_SCOPE` ENABLE KEYS */;
UNLOCK TABLES;

--
-- Dumping data for table `FED_USER_CREDENTIAL`
--

LOCK TABLES `FED_USER_CREDENTIAL` WRITE;
/*!40000 ALTER TABLE `FED_USER_CREDENTIAL` DISABLE KEYS */;
/*!40000 ALTER TABLE `FED_USER_CREDENTIAL` ENABLE KEYS */;
UNLOCK TABLES;

--
-- Dumping data for table `FED_USER_GROUP_MEMBERSHIP`
--

LOCK TABLES `FED_USER_GROUP_MEMBERSHIP` WRITE;
/*!40000 ALTER TABLE `FED_USER_GROUP_MEMBERSHIP` DISABLE KEYS */;
/*!40000 ALTER TABLE `FED_USER_GROUP_MEMBERSHIP` ENABLE KEYS */;
UNLOCK TABLES;

--
-- Dumping data for table `FED_USER_REQUIRED_ACTION`
--

LOCK TABLES `FED_USER_REQUIRED_ACTION` WRITE;
/*!40000 ALTER TABLE `FED_USER_REQUIRED_ACTION` DISABLE KEYS */;
/*!40000 ALTER TABLE `FED_USER_REQUIRED_ACTION` ENABLE KEYS */;
UNLOCK TABLES;

--
-- Dumping data for table `FED_USER_ROLE_MAPPING`
--

LOCK TABLES `FED_USER_ROLE_MAPPING` WRITE;
/*!40000 ALTER TABLE `FED_USER_ROLE_MAPPING` DISABLE KEYS */;
/*!40000 ALTER TABLE `FED_USER_ROLE_MAPPING` ENABLE KEYS */;
UNLOCK TABLES;

--
-- Dumping data for table `FEDERATED_IDENTITY`
--

LOCK TABLES `FEDERATED_IDENTITY` WRITE;
/*!40000 ALTER TABLE `FEDERATED_IDENTITY` DISABLE KEYS */;
/*!40000 ALTER TABLE `FEDERATED_IDENTITY` ENABLE KEYS */;
UNLOCK TABLES;

--
-- Dumping data for table `FEDERATED_USER`
--

LOCK TABLES `FEDERATED_USER` WRITE;
/*!40000 ALTER TABLE `FEDERATED_USER` DISABLE KEYS */;
/*!40000 ALTER TABLE `FEDERATED_USER` ENABLE KEYS */;
UNLOCK TABLES;

--
-- Dumping data for table `GROUP_ATTRIBUTE`
--

LOCK TABLES `GROUP_ATTRIBUTE` WRITE;
/*!40000 ALTER TABLE `GROUP_ATTRIBUTE` DISABLE KEYS */;
/*!40000 ALTER TABLE `GROUP_ATTRIBUTE` ENABLE KEYS */;
UNLOCK TABLES;

--
-- Dumping data for table `GROUP_ROLE_MAPPING`
--

LOCK TABLES `GROUP_ROLE_MAPPING` WRITE;
/*!40000 ALTER TABLE `GROUP_ROLE_MAPPING` DISABLE KEYS */;
/*!40000 ALTER TABLE `GROUP_ROLE_MAPPING` ENABLE KEYS */;
UNLOCK TABLES;

--
-- Dumping data for table `IDENTITY_PROVIDER`
--

LOCK TABLES `IDENTITY_PROVIDER` WRITE;
/*!40000 ALTER TABLE `IDENTITY_PROVIDER` DISABLE KEYS */;
/*!40000 ALTER TABLE `IDENTITY_PROVIDER` ENABLE KEYS */;
UNLOCK TABLES;

--
-- Dumping data for table `IDENTITY_PROVIDER_CONFIG`
--

LOCK TABLES `IDENTITY_PROVIDER_CONFIG` WRITE;
/*!40000 ALTER TABLE `IDENTITY_PROVIDER_CONFIG` DISABLE KEYS */;
/*!40000 ALTER TABLE `IDENTITY_PROVIDER_CONFIG` ENABLE KEYS */;
UNLOCK TABLES;

--
-- Dumping data for table `IDENTITY_PROVIDER_MAPPER`
--

LOCK TABLES `IDENTITY_PROVIDER_MAPPER` WRITE;
/*!40000 ALTER TABLE `IDENTITY_PROVIDER_MAPPER` DISABLE KEYS */;
/*!40000 ALTER TABLE `IDENTITY_PROVIDER_MAPPER` ENABLE KEYS */;
UNLOCK TABLES;

--
-- Dumping data for table `IDP_MAPPER_CONFIG`
--

LOCK TABLES `IDP_MAPPER_CONFIG` WRITE;
/*!40000 ALTER TABLE `IDP_MAPPER_CONFIG` DISABLE KEYS */;
/*!40000 ALTER TABLE `IDP_MAPPER_CONFIG` ENABLE KEYS */;
UNLOCK TABLES;

--
-- Dumping data for table `KEYCLOAK_GROUP`
--

LOCK TABLES `KEYCLOAK_GROUP` WRITE;
/*!40000 ALTER TABLE `KEYCLOAK_GROUP` DISABLE KEYS */;
/*!40000 ALTER TABLE `KEYCLOAK_GROUP` ENABLE KEYS */;
UNLOCK TABLES;

--
-- Dumping data for table `KEYCLOAK_ROLE`
--

LOCK TABLES `KEYCLOAK_ROLE` WRITE;
/*!40000 ALTER TABLE `KEYCLOAK_ROLE` DISABLE KEYS */;
INSERT INTO `KEYCLOAK_ROLE` VALUES ('00adc320-635e-46a4-a904-dea47d4dfa2f','master',_binary '\0','${role_uma_authorization}','uma_authorization','master',NULL,'master'),('030c7cb3-1c27-40a8-9e71-cae9dee7d38e','d3d4f650-2747-45cf-8c29-5edf022500f5',_binary '','${role_view-profile}','view-profile','master','d3d4f650-2747-45cf-8c29-5edf022500f5',NULL),('05f0b1d9-1fa9-4f6b-8bcd-2b5db0efb496','master',_binary '\0','${role_create-realm}','create-realm','master',NULL,'master'),('0d99d4cb-215a-47d8-8d58-bc10cc2a988d','565ca8b9-5a1e-4b74-92fd-afa137b0d4d9',_binary '','${role_impersonation}','impersonation','master','565ca8b9-5a1e-4b74-92fd-afa137b0d4d9',NULL),('13107b14-f4f8-4457-89d5-e6ca110d4614','26279715-4c82-41b0-bd5f-9493f94c1eb3',_binary '','${role_query-users}','query-users','JCP','26279715-4c82-41b0-bd5f-9493f94c1eb3',NULL),('136ca1a7-c120-46a6-9a8d-43d943d27372','ce1f4bb4-7098-42c0-9364-1bd9cab94cca',_binary '','${role_manage-clients}','manage-clients','master','ce1f4bb4-7098-42c0-9364-1bd9cab94cca',NULL),('16677ca1-9121-498c-92ea-1be759541d3e','26279715-4c82-41b0-bd5f-9493f94c1eb3',_binary '','${role_create-client}','create-client','JCP','26279715-4c82-41b0-bd5f-9493f94c1eb3',NULL),('1fb462ec-3247-41f7-9118-f08a03b25340','84e67dce-1999-4cf5-b931-bfda4a59cac2',_binary '','${role_read-token}','read-token','master','84e67dce-1999-4cf5-b931-bfda4a59cac2',NULL),('20472d91-78cb-4f2d-8a50-2c8236c0bdae','565ca8b9-5a1e-4b74-92fd-afa137b0d4d9',_binary '','${role_manage-users}','manage-users','master','565ca8b9-5a1e-4b74-92fd-afa137b0d4d9',NULL),('25d98a8e-ef48-47e6-8bbf-20ec17a5f5b1','565ca8b9-5a1e-4b74-92fd-afa137b0d4d9',_binary '','${role_view-authorization}','view-authorization','master','565ca8b9-5a1e-4b74-92fd-afa137b0d4d9',NULL),('28c62839-3a32-4246-8621-e6f9b27d78df','ce1f4bb4-7098-42c0-9364-1bd9cab94cca',_binary '','${role_query-clients}','query-clients','master','ce1f4bb4-7098-42c0-9364-1bd9cab94cca',NULL),('28deb9f7-99ee-4fdc-b2db-35cb8931b54a','26279715-4c82-41b0-bd5f-9493f94c1eb3',_binary '','${role_manage-authorization}','manage-authorization','JCP','26279715-4c82-41b0-bd5f-9493f94c1eb3',NULL),('29baca6e-58b1-4389-ba13-87aac93d16cb','ce1f4bb4-7098-42c0-9364-1bd9cab94cca',_binary '','${role_query-realms}','query-realms','master','ce1f4bb4-7098-42c0-9364-1bd9cab94cca',NULL),('3e76bae8-b446-4672-9be1-dd2bf3360399','ce1f4bb4-7098-42c0-9364-1bd9cab94cca',_binary '','${role_view-identity-providers}','view-identity-providers','master','ce1f4bb4-7098-42c0-9364-1bd9cab94cca',NULL),('4787f732-605e-4156-9307-24ac09ea6f43','26279715-4c82-41b0-bd5f-9493f94c1eb3',_binary '','${role_manage-identity-providers}','manage-identity-providers','JCP','26279715-4c82-41b0-bd5f-9493f94c1eb3',NULL),('48473f43-0382-4cde-a3ae-60750f54f263','565ca8b9-5a1e-4b74-92fd-afa137b0d4d9',_binary '','${role_view-realm}','view-realm','master','565ca8b9-5a1e-4b74-92fd-afa137b0d4d9',NULL),('4c4bab52-bdde-452b-a8bf-8993159e4dbb','42998bbf-4b42-442d-9e74-c913694fd655',_binary '','${role_read-token}','read-token','JCP','42998bbf-4b42-442d-9e74-c913694fd655',NULL),('4f603c3c-c794-4da3-86b1-cbca99b2ffb4','d17936ea-07bf-4c15-8782-5d59451d39f9',_binary '','${role_delete-account}','delete-account','JCP','d17936ea-07bf-4c15-8782-5d59451d39f9',NULL),('534d4037-2687-4249-8a9f-9ae21a9ca05a','d3d4f650-2747-45cf-8c29-5edf022500f5',_binary '','${role_manage-account-links}','manage-account-links','master','d3d4f650-2747-45cf-8c29-5edf022500f5',NULL),('569e57a3-b040-4390-b809-7b61d9aca4cc','master',_binary '\0','${role_admin}','admin','master',NULL,'master'),('5991719d-6dff-447d-b1c2-df4dd8df0cf6','ce1f4bb4-7098-42c0-9364-1bd9cab94cca',_binary '','${role_view-authorization}','view-authorization','master','ce1f4bb4-7098-42c0-9364-1bd9cab94cca',NULL),('5c7db4ea-9d27-4ea5-b013-7f1db3ed32a3','ce1f4bb4-7098-42c0-9364-1bd9cab94cca',_binary '','${role_view-events}','view-events','master','ce1f4bb4-7098-42c0-9364-1bd9cab94cca',NULL),('5ea46576-7c43-4fb1-a5a5-8ba4301ba32b','d3d4f650-2747-45cf-8c29-5edf022500f5',_binary '','${role_view-consent}','view-consent','master','d3d4f650-2747-45cf-8c29-5edf022500f5',NULL),('5ee71034-396e-4da4-acd9-ecde3be49157','26279715-4c82-41b0-bd5f-9493f94c1eb3',_binary '','${role_query-clients}','query-clients','JCP','26279715-4c82-41b0-bd5f-9493f94c1eb3',NULL),('6172d58b-debe-48a5-9b84-fb342564d1b6','565ca8b9-5a1e-4b74-92fd-afa137b0d4d9',_binary '','${role_view-identity-providers}','view-identity-providers','master','565ca8b9-5a1e-4b74-92fd-afa137b0d4d9',NULL),('61a865f2-a533-42d0-ab48-956ac9cadd88','565ca8b9-5a1e-4b74-92fd-afa137b0d4d9',_binary '','${role_query-realms}','query-realms','master','565ca8b9-5a1e-4b74-92fd-afa137b0d4d9',NULL),('667d683a-5519-4819-8afd-6bf70dc1c347','ce1f4bb4-7098-42c0-9364-1bd9cab94cca',_binary '','${role_manage-users}','manage-users','master','ce1f4bb4-7098-42c0-9364-1bd9cab94cca',NULL),('678d6d8b-0b74-4935-934e-1fd8a0a300a9','ce1f4bb4-7098-42c0-9364-1bd9cab94cca',_binary '','${role_view-realm}','view-realm','master','ce1f4bb4-7098-42c0-9364-1bd9cab94cca',NULL),('69be001f-dd39-4ed6-8f41-6cf760338d33','JCP',_binary '\0','${role_offline-access}','offline_access','JCP',NULL,'JCP'),('69be48fc-54cd-42bc-9cab-b1f9b6ad0e28','26279715-4c82-41b0-bd5f-9493f94c1eb3',_binary '','${role_view-events}','view-events','JCP','26279715-4c82-41b0-bd5f-9493f94c1eb3',NULL),('6a5c3a38-426e-4d70-8abd-311d366b83a5','26279715-4c82-41b0-bd5f-9493f94c1eb3',_binary '','${role_manage-realm}','manage-realm','JCP','26279715-4c82-41b0-bd5f-9493f94c1eb3',NULL),('6b9bb1f8-3d8e-4c78-93df-847967d21d0c','26279715-4c82-41b0-bd5f-9493f94c1eb3',_binary '','${role_manage-events}','manage-events','JCP','26279715-4c82-41b0-bd5f-9493f94c1eb3',NULL),('747a892c-c064-497f-8cdf-a3249a764b62','565ca8b9-5a1e-4b74-92fd-afa137b0d4d9',_binary '','${role_manage-authorization}','manage-authorization','master','565ca8b9-5a1e-4b74-92fd-afa137b0d4d9',NULL),('76afc719-e20b-4274-a051-e691552048e5','JCP',_binary '\0','Define all clients that represent a JCP Service.\nRole assigned only to JCP Services. This role allow to access JCP\'s protected resources.','jcp','JCP',NULL,'JCP'),('7733c05f-5c0d-4e4e-8e48-419d570b7e3a','d3d4f650-2747-45cf-8c29-5edf022500f5',_binary '','${role_delete-account}','delete-account','master','d3d4f650-2747-45cf-8c29-5edf022500f5',NULL),('78131575-b056-442b-a4ee-bf84d6d78c75','565ca8b9-5a1e-4b74-92fd-afa137b0d4d9',_binary '','${role_query-groups}','query-groups','master','565ca8b9-5a1e-4b74-92fd-afa137b0d4d9',NULL),('794793db-6bd2-4371-8da8-74df1d9d9fe9','26279715-4c82-41b0-bd5f-9493f94c1eb3',_binary '','${role_view-realm}','view-realm','JCP','26279715-4c82-41b0-bd5f-9493f94c1eb3',NULL),('80802dfa-be21-4512-8fed-2eaabf3122d3','ce1f4bb4-7098-42c0-9364-1bd9cab94cca',_binary '','${role_manage-identity-providers}','manage-identity-providers','master','ce1f4bb4-7098-42c0-9364-1bd9cab94cca',NULL),('8080ac26-8182-48f9-9f11-3c9e4320db5a','d17936ea-07bf-4c15-8782-5d59451d39f9',_binary '','${role_manage-consent}','manage-consent','JCP','d17936ea-07bf-4c15-8782-5d59451d39f9',NULL),('81464d3e-d42d-4aaf-a0b7-34f7a8cb0a98','565ca8b9-5a1e-4b74-92fd-afa137b0d4d9',_binary '','${role_manage-identity-providers}','manage-identity-providers','master','565ca8b9-5a1e-4b74-92fd-afa137b0d4d9',NULL),('874ea9dc-1b3a-4763-818f-aab58789fe5f','26279715-4c82-41b0-bd5f-9493f94c1eb3',_binary '','${role_view-identity-providers}','view-identity-providers','JCP','26279715-4c82-41b0-bd5f-9493f94c1eb3',NULL),('8e15085b-1d71-4842-a474-294fe69fb46c','26279715-4c82-41b0-bd5f-9493f94c1eb3',_binary '','${role_realm-admin}','realm-admin','JCP','26279715-4c82-41b0-bd5f-9493f94c1eb3',NULL),('918d7917-553b-4fb4-9c3e-f4918a940919','565ca8b9-5a1e-4b74-92fd-afa137b0d4d9',_binary '','${role_manage-events}','manage-events','master','565ca8b9-5a1e-4b74-92fd-afa137b0d4d9',NULL),('96de5280-72eb-4cb3-8ca6-d297c500b70e','26279715-4c82-41b0-bd5f-9493f94c1eb3',_binary '','${role_view-clients}','view-clients','JCP','26279715-4c82-41b0-bd5f-9493f94c1eb3',NULL),('9a861f36-2367-4ad0-b458-69153047fe87','JCP',_binary '\0','${role_uma_authorization}','uma_authorization','JCP',NULL,'JCP'),('9c681d59-e55d-463e-b9e8-e583cf98fb3c','565ca8b9-5a1e-4b74-92fd-afa137b0d4d9',_binary '','${role_query-users}','query-users','master','565ca8b9-5a1e-4b74-92fd-afa137b0d4d9',NULL),('9f814318-76b5-4c39-ad8f-0f32aca23424','master',_binary '\0','${role_default-roles-master}','default-roles-master','master',NULL,'master'),('a422795a-2589-46bf-8569-7981b7a4e226','ce1f4bb4-7098-42c0-9364-1bd9cab94cca',_binary '','${role_manage-realm}','manage-realm','master','ce1f4bb4-7098-42c0-9364-1bd9cab94cca',NULL),('abf9412f-a3f4-4ee9-88c3-7bcc6b4b67ad','ce1f4bb4-7098-42c0-9364-1bd9cab94cca',_binary '','${role_view-users}','view-users','master','ce1f4bb4-7098-42c0-9364-1bd9cab94cca',NULL),('ac0d3e93-7f36-42ef-a7b6-e41fd6a59ef1','ce1f4bb4-7098-42c0-9364-1bd9cab94cca',_binary '','${role_query-users}','query-users','master','ce1f4bb4-7098-42c0-9364-1bd9cab94cca',NULL),('b008018f-6557-4e78-965d-e6c12cbeabea','565ca8b9-5a1e-4b74-92fd-afa137b0d4d9',_binary '','${role_manage-realm}','manage-realm','master','565ca8b9-5a1e-4b74-92fd-afa137b0d4d9',NULL),('b19500e7-4572-45c0-a4ee-510f79de00ac','565ca8b9-5a1e-4b74-92fd-afa137b0d4d9',_binary '','${role_create-client}','create-client','master','565ca8b9-5a1e-4b74-92fd-afa137b0d4d9',NULL),('b1be621d-3137-4c1c-92cc-c3ec79f9a03b','26279715-4c82-41b0-bd5f-9493f94c1eb3',_binary '','${role_view-users}','view-users','JCP','26279715-4c82-41b0-bd5f-9493f94c1eb3',NULL),('b9f30839-863c-4678-9e01-863ede7721bb','26279715-4c82-41b0-bd5f-9493f94c1eb3',_binary '','${role_query-groups}','query-groups','JCP','26279715-4c82-41b0-bd5f-9493f94c1eb3',NULL),('bcf9f2ec-2d06-4369-bec8-81d3cff75efd','d3d4f650-2747-45cf-8c29-5edf022500f5',_binary '','${role_manage-account}','manage-account','master','d3d4f650-2747-45cf-8c29-5edf022500f5',NULL),('c0c7e05d-8d5a-4f4e-a1a2-d37d44c28d8e','565ca8b9-5a1e-4b74-92fd-afa137b0d4d9',_binary '','${role_view-users}','view-users','master','565ca8b9-5a1e-4b74-92fd-afa137b0d4d9',NULL),('c4ebf8d2-311f-49c0-b810-1dd5d1b68137','JCP',_binary '\0','Define all clients that represent a Service.','srv','JCP',NULL,'JCP'),('c8143ebe-adff-4e32-abc5-4454c1067349','d17936ea-07bf-4c15-8782-5d59451d39f9',_binary '','${role_view-applications}','view-applications','JCP','d17936ea-07bf-4c15-8782-5d59451d39f9',NULL),('dbec22c0-4737-42bb-8ddf-9f25620033bc','ce1f4bb4-7098-42c0-9364-1bd9cab94cca',_binary '','${role_manage-authorization}','manage-authorization','master','ce1f4bb4-7098-42c0-9364-1bd9cab94cca',NULL),('dc84a0c4-32e1-4d20-94d7-4cf2f023a0fd','565ca8b9-5a1e-4b74-92fd-afa137b0d4d9',_binary '','${role_view-events}','view-events','master','565ca8b9-5a1e-4b74-92fd-afa137b0d4d9',NULL),('def78171-0db5-4776-8082-fcc07b5d050d','ce1f4bb4-7098-42c0-9364-1bd9cab94cca',_binary '','${role_impersonation}','impersonation','master','ce1f4bb4-7098-42c0-9364-1bd9cab94cca',NULL),('e1658c63-7f68-4467-bf28-2c55514ffd42','master',_binary '\0','${role_offline-access}','offline_access','master',NULL,'master'),('e1afcadf-52bd-4d8a-9b03-4caa91f3997f','26279715-4c82-41b0-bd5f-9493f94c1eb3',_binary '','${role_manage-clients}','manage-clients','JCP','26279715-4c82-41b0-bd5f-9493f94c1eb3',NULL),('e1e5349d-8bb4-47b7-8c7b-9af997ff70f3','JCP',_binary '\0','Define all users that can manage the JCP platform.','mng','JCP',NULL,'JCP'),('e1f0e1d7-d9ca-4383-9f12-595d0a885b12','d3d4f650-2747-45cf-8c29-5edf022500f5',_binary '','${role_view-applications}','view-applications','master','d3d4f650-2747-45cf-8c29-5edf022500f5',NULL),('e37191df-3fd2-46d7-9c86-427c9153c1bd','565ca8b9-5a1e-4b74-92fd-afa137b0d4d9',_binary '','${role_view-clients}','view-clients','master','565ca8b9-5a1e-4b74-92fd-afa137b0d4d9',NULL),('e46e4420-f60b-4f7c-84cd-fc1d3b2267b4','26279715-4c82-41b0-bd5f-9493f94c1eb3',_binary '','${role_impersonation}','impersonation','JCP','26279715-4c82-41b0-bd5f-9493f94c1eb3',NULL),('e529c595-b09e-4767-a9de-2e88d81ea19b','565ca8b9-5a1e-4b74-92fd-afa137b0d4d9',_binary '','${role_query-clients}','query-clients','master','565ca8b9-5a1e-4b74-92fd-afa137b0d4d9',NULL),('e55973b2-1258-4b99-8bba-2237b624d85a','26279715-4c82-41b0-bd5f-9493f94c1eb3',_binary '','${role_query-realms}','query-realms','JCP','26279715-4c82-41b0-bd5f-9493f94c1eb3',NULL),('e61e69fc-eb04-4b84-bec4-68469f57059d','ce1f4bb4-7098-42c0-9364-1bd9cab94cca',_binary '','${role_query-groups}','query-groups','master','ce1f4bb4-7098-42c0-9364-1bd9cab94cca',NULL),('eae19e66-e8d7-4036-9100-1dc2b970ac0b','565ca8b9-5a1e-4b74-92fd-afa137b0d4d9',_binary '','${role_manage-clients}','manage-clients','master','565ca8b9-5a1e-4b74-92fd-afa137b0d4d9',NULL),('eaeb3815-40e8-4bd5-86e2-1c91482f8c68','JCP',_binary '\0','${role_default-roles-jcp}','default-roles-jcp','JCP',NULL,'JCP'),('eb83b771-450e-4229-b09a-445bcc515114','d17936ea-07bf-4c15-8782-5d59451d39f9',_binary '','${role_view-consent}','view-consent','JCP','d17936ea-07bf-4c15-8782-5d59451d39f9',NULL),('ec8272dd-7dd5-4fbb-b3a6-d527c2e5862e','26279715-4c82-41b0-bd5f-9493f94c1eb3',_binary '','${role_manage-users}','manage-users','JCP','26279715-4c82-41b0-bd5f-9493f94c1eb3',NULL),('f323f7fc-ff30-4f37-9f9e-2765e34f9032','26279715-4c82-41b0-bd5f-9493f94c1eb3',_binary '','${role_view-authorization}','view-authorization','JCP','26279715-4c82-41b0-bd5f-9493f94c1eb3',NULL),('f4fd4e02-2b8b-4804-994d-9a9ade72a1da','ce1f4bb4-7098-42c0-9364-1bd9cab94cca',_binary '','${role_manage-events}','manage-events','master','ce1f4bb4-7098-42c0-9364-1bd9cab94cca',NULL),('f5cf0caf-a20b-4a5a-a8eb-3f232e68eff1','JCP',_binary '\0','Define all clients that represent an Object.','obj','JCP',NULL,'JCP'),('f6117504-7246-4328-abd9-c96ba374f69c','ce1f4bb4-7098-42c0-9364-1bd9cab94cca',_binary '','${role_create-client}','create-client','master','ce1f4bb4-7098-42c0-9364-1bd9cab94cca',NULL),('f66031c1-bbfc-4770-987c-e9fe2af07f9c','d17936ea-07bf-4c15-8782-5d59451d39f9',_binary '','${role_manage-account}','manage-account','JCP','d17936ea-07bf-4c15-8782-5d59451d39f9',NULL),('f87d3271-627e-4963-bb96-6ed2bda3ee89','d17936ea-07bf-4c15-8782-5d59451d39f9',_binary '','${role_view-profile}','view-profile','JCP','d17936ea-07bf-4c15-8782-5d59451d39f9',NULL),('fb37ad71-60b8-41eb-8744-c78a340b08ff','ce1f4bb4-7098-42c0-9364-1bd9cab94cca',_binary '','${role_view-clients}','view-clients','master','ce1f4bb4-7098-42c0-9364-1bd9cab94cca',NULL),('fd4edf75-cebe-4ec0-b296-5f7881e2a1b8','d17936ea-07bf-4c15-8782-5d59451d39f9',_binary '','${role_manage-account-links}','manage-account-links','JCP','d17936ea-07bf-4c15-8782-5d59451d39f9',NULL),('fd62ec7a-2824-4c60-8c7d-592922ffa38a','d3d4f650-2747-45cf-8c29-5edf022500f5',_binary '','${role_manage-consent}','manage-consent','master','d3d4f650-2747-45cf-8c29-5edf022500f5',NULL);
/*!40000 ALTER TABLE `KEYCLOAK_ROLE` ENABLE KEYS */;
UNLOCK TABLES;

--
-- Dumping data for table `MIGRATION_MODEL`
--

LOCK TABLES `MIGRATION_MODEL` WRITE;
/*!40000 ALTER TABLE `MIGRATION_MODEL` DISABLE KEYS */;
INSERT INTO `MIGRATION_MODEL` VALUES ('a5ew7','14.0.0',1626760879),('b22vn','11.0.2',1626697850);
/*!40000 ALTER TABLE `MIGRATION_MODEL` ENABLE KEYS */;
UNLOCK TABLES;

--
-- Dumping data for table `OFFLINE_CLIENT_SESSION`
--

LOCK TABLES `OFFLINE_CLIENT_SESSION` WRITE;
/*!40000 ALTER TABLE `OFFLINE_CLIENT_SESSION` DISABLE KEYS */;
INSERT INTO `OFFLINE_CLIENT_SESSION` VALUES ('0af5edff-0d1a-49cf-bbe2-c77e513663dc','79e472b0-e562-4535-a516-db7d7696a447','1',1626797979,'{\"authMethod\":\"openid-connect\",\"notes\":{\"iss\":\"https://localhost:8998/auth/realms/jcp\",\"startedAt\":\"1626797979\",\"scope\":\"openid offline_access\"}}','local','local'),('34c6abd5-507b-47a1-b892-cb793dc8be6b','79e472b0-e562-4535-a516-db7d7696a447','1',1626797709,'{\"authMethod\":\"openid-connect\",\"notes\":{\"iss\":\"https://roby-mac:8998/auth/realms/jcp\",\"startedAt\":\"1626797709\",\"scope\":\"openid offline_access\"}}','local','local'),('3f11e777-b704-4f06-b2a1-8d955376525c','79e472b0-e562-4535-a516-db7d7696a447','1',1626798132,'{\"authMethod\":\"openid-connect\",\"notes\":{\"iss\":\"https://localhost:8998/auth/realms/jcp\",\"startedAt\":\"1626798132\",\"scope\":\"openid offline_access\"}}','local','local'),('6d526c44-a465-423c-9f80-a9d2cab307a8','79e472b0-e562-4535-a516-db7d7696a447','1',1626798652,'{\"authMethod\":\"openid-connect\",\"notes\":{\"iss\":\"https://localhost:8998/auth/realms/jcp\",\"startedAt\":\"1626798652\",\"scope\":\"openid offline_access\"}}','local','local'),('905fc856-b44e-46f2-9980-182ed8454658','79e472b0-e562-4535-a516-db7d7696a447','1',1626797810,'{\"authMethod\":\"openid-connect\",\"notes\":{\"iss\":\"https://localhost:8998/auth/realms/jcp\",\"startedAt\":\"1626797810\",\"scope\":\"openid offline_access\"}}','local','local'),('96de2b06-d868-4c34-a7fd-154d8bba480a','79e472b0-e562-4535-a516-db7d7696a447','1',1626798402,'{\"authMethod\":\"openid-connect\",\"notes\":{\"iss\":\"https://localhost:8998/auth/realms/jcp\",\"startedAt\":\"1626798402\",\"scope\":\"openid offline_access\"}}','local','local'),('a054d684-fd31-401b-814a-378660309c29','79e472b0-e562-4535-a516-db7d7696a447','1',1626798042,'{\"authMethod\":\"openid-connect\",\"notes\":{\"iss\":\"https://localhost:8998/auth/realms/jcp\",\"startedAt\":\"1626798042\",\"scope\":\"openid offline_access\"}}','local','local'),('a7272bcd-eee6-4297-9ecd-a43aa9fdc34d','fdb6d027-9e63-4327-a35b-611c48832b36','1',1626761079,'{\"authMethod\":\"openid-connect\",\"redirectUri\":\"https://localhost:9003/apis/pub/jslwebbridge/core/user/2.0/login/code/\",\"notes\":{\"iss\":\"https://localhost:8998/auth/realms/jcp\",\"startedAt\":\"1626761079\",\"response_type\":\"code\",\"redirect_uri\":\"https://localhost:9003/apis/pub/jslwebbridge/core/user/2.0/login/code/\",\"scope\":\"openid offline_access\"}}','local','local'),('a7de67fd-b819-4083-8a6d-65a43530e0fd','79e472b0-e562-4535-a516-db7d7696a447','1',1626798222,'{\"authMethod\":\"openid-connect\",\"notes\":{\"iss\":\"https://localhost:8998/auth/realms/jcp\",\"startedAt\":\"1626798222\",\"scope\":\"openid offline_access\"}}','local','local'),('ad6ed1d5-8e74-4b90-bb44-644f3ae2e9fc','79e472b0-e562-4535-a516-db7d7696a447','1',1626798523,'{\"authMethod\":\"openid-connect\",\"notes\":{\"iss\":\"https://localhost:8998/auth/realms/jcp\",\"startedAt\":\"1626798523\",\"scope\":\"openid offline_access\"}}','local','local'),('c8ce62c8-f1d3-46ce-ad81-27e6c2d02ee6','79e472b0-e562-4535-a516-db7d7696a447','1',1626798312,'{\"authMethod\":\"openid-connect\",\"notes\":{\"iss\":\"https://localhost:8998/auth/realms/jcp\",\"startedAt\":\"1626798312\",\"scope\":\"openid offline_access\"}}','local','local'),('ec9bdcff-e598-48b9-95a6-9902ad615255','79e472b0-e562-4535-a516-db7d7696a447','1',1626797703,'{\"authMethod\":\"openid-connect\",\"notes\":{\"iss\":\"https://roby-mac:8998/auth/realms/jcp\",\"startedAt\":\"1626797703\",\"scope\":\"openid offline_access\"}}','local','local');
/*!40000 ALTER TABLE `OFFLINE_CLIENT_SESSION` ENABLE KEYS */;
UNLOCK TABLES;

--
-- Dumping data for table `OFFLINE_USER_SESSION`
--

LOCK TABLES `OFFLINE_USER_SESSION` WRITE;
/*!40000 ALTER TABLE `OFFLINE_USER_SESSION` DISABLE KEYS */;
INSERT INTO `OFFLINE_USER_SESSION` VALUES ('0af5edff-0d1a-49cf-bbe2-c77e513663dc','d1ef3618-7b27-4cd8-a465-389f52b6ddff','JCP',1626797979,'1','{\"ipAddress\":\"172.18.0.1\",\"authMethod\":\"client_auth\",\"rememberMe\":false,\"started\":0,\"notes\":{\"clientId\":\"test-client-srv\",\"clientHost\":\"172.18.0.1\",\"KC_DEVICE_NOTE\":\"eyJpcEFkZHJlc3MiOiIxNzIuMTguMC4xIiwib3MiOiJPdGhlciIsIm9zVmVyc2lvbiI6IlVua25vd24iLCJicm93c2VyIjoiSmF2YS84LjAuMjYyIiwiZGV2aWNlIjoiU3BpZGVyIiwibGFzdEFjY2VzcyI6MCwibW9iaWxlIjpmYWxzZX0=\",\"clientAddress\":\"172.18.0.1\"}}',1626797958),('34c6abd5-507b-47a1-b892-cb793dc8be6b','d1ef3618-7b27-4cd8-a465-389f52b6ddff','JCP',1626797709,'1','{\"ipAddress\":\"172.18.0.1\",\"authMethod\":\"client_auth\",\"rememberMe\":false,\"started\":0,\"notes\":{\"clientId\":\"test-client-srv\",\"clientHost\":\"172.18.0.1\",\"KC_DEVICE_NOTE\":\"eyJpcEFkZHJlc3MiOiIxNzIuMTguMC4xIiwib3MiOiJPdGhlciIsIm9zVmVyc2lvbiI6IlVua25vd24iLCJicm93c2VyIjoiSmF2YS84LjAuMjYyIiwiZGV2aWNlIjoiU3BpZGVyIiwibGFzdEFjY2VzcyI6MCwibW9iaWxlIjpmYWxzZX0=\",\"clientAddress\":\"172.18.0.1\"}}',1626797657),('3f11e777-b704-4f06-b2a1-8d955376525c','d1ef3618-7b27-4cd8-a465-389f52b6ddff','JCP',1626798132,'1','{\"ipAddress\":\"172.18.0.1\",\"authMethod\":\"client_auth\",\"rememberMe\":false,\"started\":0,\"notes\":{\"clientId\":\"test-client-srv\",\"clientHost\":\"172.18.0.1\",\"KC_DEVICE_NOTE\":\"eyJpcEFkZHJlc3MiOiIxNzIuMTguMC4xIiwib3MiOiJPdGhlciIsIm9zVmVyc2lvbiI6IlVua25vd24iLCJicm93c2VyIjoiSmF2YS84LjAuMjYyIiwiZGV2aWNlIjoiU3BpZGVyIiwibGFzdEFjY2VzcyI6MCwibW9iaWxlIjpmYWxzZX0=\",\"clientAddress\":\"172.18.0.1\"}}',1626798078),('6d526c44-a465-423c-9f80-a9d2cab307a8','d1ef3618-7b27-4cd8-a465-389f52b6ddff','JCP',1626798652,'1','{\"ipAddress\":\"172.18.0.1\",\"authMethod\":\"client_auth\",\"rememberMe\":false,\"started\":0,\"notes\":{\"clientId\":\"test-client-srv\",\"clientHost\":\"172.18.0.1\",\"KC_DEVICE_NOTE\":\"eyJpcEFkZHJlc3MiOiIxNzIuMTguMC4xIiwib3MiOiJPdGhlciIsIm9zVmVyc2lvbiI6IlVua25vd24iLCJicm93c2VyIjoiSmF2YS84LjAuMjYyIiwiZGV2aWNlIjoiU3BpZGVyIiwibGFzdEFjY2VzcyI6MCwibW9iaWxlIjpmYWxzZX0=\",\"clientAddress\":\"172.18.0.1\"}}',1626798798),('905fc856-b44e-46f2-9980-182ed8454658','d1ef3618-7b27-4cd8-a465-389f52b6ddff','JCP',1626797810,'1','{\"ipAddress\":\"172.18.0.1\",\"authMethod\":\"client_auth\",\"rememberMe\":false,\"started\":0,\"notes\":{\"clientId\":\"test-client-srv\",\"clientHost\":\"172.18.0.1\",\"KC_DEVICE_NOTE\":\"eyJpcEFkZHJlc3MiOiIxNzIuMTguMC4xIiwib3MiOiJPdGhlciIsIm9zVmVyc2lvbiI6IlVua25vd24iLCJicm93c2VyIjoiSmF2YS84LjAuMjYyIiwiZGV2aWNlIjoiU3BpZGVyIiwibGFzdEFjY2VzcyI6MCwibW9iaWxlIjpmYWxzZX0=\",\"clientAddress\":\"172.18.0.1\"}}',1626797778),('96de2b06-d868-4c34-a7fd-154d8bba480a','d1ef3618-7b27-4cd8-a465-389f52b6ddff','JCP',1626798402,'1','{\"ipAddress\":\"172.18.0.1\",\"authMethod\":\"client_auth\",\"rememberMe\":false,\"started\":0,\"notes\":{\"clientId\":\"test-client-srv\",\"clientHost\":\"172.18.0.1\",\"KC_DEVICE_NOTE\":\"eyJpcEFkZHJlc3MiOiIxNzIuMTguMC4xIiwib3MiOiJPdGhlciIsIm9zVmVyc2lvbiI6IlVua25vd24iLCJicm93c2VyIjoiSmF2YS84LjAuMjYyIiwiZGV2aWNlIjoiU3BpZGVyIiwibGFzdEFjY2VzcyI6MCwibW9iaWxlIjpmYWxzZX0=\",\"clientAddress\":\"172.18.0.1\"}}',1626798378),('a054d684-fd31-401b-814a-378660309c29','d1ef3618-7b27-4cd8-a465-389f52b6ddff','JCP',1626798042,'1','{\"ipAddress\":\"172.18.0.1\",\"authMethod\":\"client_auth\",\"rememberMe\":false,\"started\":0,\"notes\":{\"clientId\":\"test-client-srv\",\"clientHost\":\"172.18.0.1\",\"KC_DEVICE_NOTE\":\"eyJpcEFkZHJlc3MiOiIxNzIuMTguMC4xIiwib3MiOiJPdGhlciIsIm9zVmVyc2lvbiI6IlVua25vd24iLCJicm93c2VyIjoiSmF2YS84LjAuMjYyIiwiZGV2aWNlIjoiU3BpZGVyIiwibGFzdEFjY2VzcyI6MCwibW9iaWxlIjpmYWxzZX0=\",\"clientAddress\":\"172.18.0.1\"}}',1626798018),('a7272bcd-eee6-4297-9ecd-a43aa9fdc34d','3d6bd9ed-8d63-43d6-a465-dbe9029e04c8','JCP',1626761079,'1','{\"ipAddress\":\"172.18.0.1\",\"authMethod\":\"openid-connect\",\"rememberMe\":false,\"started\":0,\"notes\":{\"KC_DEVICE_NOTE\":\"eyJpcEFkZHJlc3MiOiIxNzIuMTguMC4xIiwib3MiOiJNYWMgT1MgWCIsIm9zVmVyc2lvbiI6IjEwLjE1LjciLCJicm93c2VyIjoiQ2hyb21lLzkxLjAuNDQ3MiIsImRldmljZSI6Ik90aGVyIiwibGFzdEFjY2VzcyI6MCwibW9iaWxlIjpmYWxzZX0=\",\"AUTH_TIME\":\"1626761079\"},\"state\":\"LOGGED_IN\"}',1626761062),('a7de67fd-b819-4083-8a6d-65a43530e0fd','d1ef3618-7b27-4cd8-a465-389f52b6ddff','JCP',1626798222,'1','{\"ipAddress\":\"172.18.0.1\",\"authMethod\":\"client_auth\",\"rememberMe\":false,\"started\":0,\"notes\":{\"clientId\":\"test-client-srv\",\"clientHost\":\"172.18.0.1\",\"KC_DEVICE_NOTE\":\"eyJpcEFkZHJlc3MiOiIxNzIuMTguMC4xIiwib3MiOiJPdGhlciIsIm9zVmVyc2lvbiI6IlVua25vd24iLCJicm93c2VyIjoiSmF2YS84LjAuMjYyIiwiZGV2aWNlIjoiU3BpZGVyIiwibGFzdEFjY2VzcyI6MCwibW9iaWxlIjpmYWxzZX0=\",\"clientAddress\":\"172.18.0.1\"}}',1626798198),('ad6ed1d5-8e74-4b90-bb44-644f3ae2e9fc','d1ef3618-7b27-4cd8-a465-389f52b6ddff','JCP',1626798523,'1','{\"ipAddress\":\"172.18.0.1\",\"authMethod\":\"client_auth\",\"rememberMe\":false,\"started\":0,\"notes\":{\"clientId\":\"test-client-srv\",\"clientHost\":\"172.18.0.1\",\"KC_DEVICE_NOTE\":\"eyJpcEFkZHJlc3MiOiIxNzIuMTguMC4xIiwib3MiOiJPdGhlciIsIm9zVmVyc2lvbiI6IlVua25vd24iLCJicm93c2VyIjoiSmF2YS84LjAuMjYyIiwiZGV2aWNlIjoiU3BpZGVyIiwibGFzdEFjY2VzcyI6MCwibW9iaWxlIjpmYWxzZX0=\",\"clientAddress\":\"172.18.0.1\"}}',1626798498),('c8ce62c8-f1d3-46ce-ad81-27e6c2d02ee6','d1ef3618-7b27-4cd8-a465-389f52b6ddff','JCP',1626798312,'1','{\"ipAddress\":\"172.18.0.1\",\"authMethod\":\"client_auth\",\"rememberMe\":false,\"started\":0,\"notes\":{\"clientId\":\"test-client-srv\",\"clientHost\":\"172.18.0.1\",\"KC_DEVICE_NOTE\":\"eyJpcEFkZHJlc3MiOiIxNzIuMTguMC4xIiwib3MiOiJPdGhlciIsIm9zVmVyc2lvbiI6IlVua25vd24iLCJicm93c2VyIjoiSmF2YS84LjAuMjYyIiwiZGV2aWNlIjoiU3BpZGVyIiwibGFzdEFjY2VzcyI6MCwibW9iaWxlIjpmYWxzZX0=\",\"clientAddress\":\"172.18.0.1\"}}',1626798258),('ec9bdcff-e598-48b9-95a6-9902ad615255','d1ef3618-7b27-4cd8-a465-389f52b6ddff','JCP',1626797703,'1','{\"ipAddress\":\"172.18.0.1\",\"authMethod\":\"client_auth\",\"rememberMe\":false,\"started\":0,\"notes\":{\"clientId\":\"test-client-srv\",\"clientHost\":\"172.18.0.1\",\"KC_DEVICE_NOTE\":\"eyJpcEFkZHJlc3MiOiIxNzIuMTguMC4xIiwib3MiOiJPdGhlciIsIm9zVmVyc2lvbiI6IlVua25vd24iLCJicm93c2VyIjoiSmF2YS84LjAuMjYyIiwiZGV2aWNlIjoiU3BpZGVyIiwibGFzdEFjY2VzcyI6MCwibW9iaWxlIjpmYWxzZX0=\",\"clientAddress\":\"172.18.0.1\"}}',1626797657);
/*!40000 ALTER TABLE `OFFLINE_USER_SESSION` ENABLE KEYS */;
UNLOCK TABLES;

--
-- Dumping data for table `POLICY_CONFIG`
--

LOCK TABLES `POLICY_CONFIG` WRITE;
/*!40000 ALTER TABLE `POLICY_CONFIG` DISABLE KEYS */;
/*!40000 ALTER TABLE `POLICY_CONFIG` ENABLE KEYS */;
UNLOCK TABLES;

--
-- Dumping data for table `PROTOCOL_MAPPER`
--

LOCK TABLES `PROTOCOL_MAPPER` WRITE;
/*!40000 ALTER TABLE `PROTOCOL_MAPPER` DISABLE KEYS */;
INSERT INTO `PROTOCOL_MAPPER` VALUES ('00820cac-7272-4758-962b-b8030365a5a9','Srv role','openid-connect','oidc-hardcoded-role-mapper','b7ecfc11-c730-4b0c-88e3-7be2d41c0a2f',NULL),('03d86d50-76a9-4ca0-96e7-6a29ff9d3201','Srv role','openid-connect','oidc-hardcoded-role-mapper','daeadaae-20ea-41fe-9659-200c082b455d',NULL),('08cbaf65-991b-4705-859f-fd793bff8512','groups','openid-connect','oidc-usermodel-realm-role-mapper',NULL,'2f82c51b-1aae-4be3-b307-58ec1283e197'),('0b5b8a00-d982-4fe0-9de2-ff56d9d0ed5c','upn','openid-connect','oidc-usermodel-property-mapper',NULL,'c15a8bab-bf58-49b7-84b2-a05639b46288'),('0d47b720-ce0b-48b6-9382-2d3f7ff8954d','phone number','openid-connect','oidc-usermodel-attribute-mapper',NULL,'8c078c9a-ddb4-4ca5-a1d5-33c8caa77b2c'),('0e4e6303-a865-487a-a399-68a5b6427f33','Client IP Address','openid-connect','oidc-usersessionmodel-note-mapper','f0c51c27-5fa8-4b21-9e5d-83d7c2a1d501',NULL),('0f399237-65c6-4184-ac64-bc88f3e5a4db','Client ID','openid-connect','oidc-usersessionmodel-note-mapper','3564bc5d-4650-4265-ab07-ab107580c915',NULL),('12f8df46-61f8-4101-a147-12e3f29e872d','locale','openid-connect','oidc-usermodel-attribute-mapper','3aa884c4-dffd-498c-8056-6f75e1eb953a',NULL),('13a714a9-7cff-4110-95fc-1e9b29b6f90a','Client ID','openid-connect','oidc-usersessionmodel-note-mapper','fdb6d027-9e63-4327-a35b-611c48832b36',NULL),('1f11a957-6d19-4b24-815e-4875a2c5a921','locale','openid-connect','oidc-usermodel-attribute-mapper','1b39ee03-3f65-4e3a-be77-0e7739801006',NULL),('215cd6bd-7760-4fa1-bb08-cdf063f99257','groups','openid-connect','oidc-usermodel-realm-role-mapper',NULL,'c15a8bab-bf58-49b7-84b2-a05639b46288'),('2be5e1a8-1c91-4e4a-a2d8-d89c24263496','username','openid-connect','oidc-usermodel-property-mapper',NULL,'36d55e21-bcc4-4ee9-9e67-ab0fc0f190cd'),('2be740a5-ef19-4443-834e-25cfa415ee0b','Jcp role','openid-connect','oidc-hardcoded-role-mapper','daeadaae-20ea-41fe-9659-200c082b455d',NULL),('2f1d241c-90ff-4442-80b1-4209834e7b66','phone number','openid-connect','oidc-usermodel-attribute-mapper',NULL,'e86d2fcf-e398-4282-b81e-6dde3996c1de'),('2f2e8ca1-e978-4f0e-ac17-aa3124aa0107','Jcp role','openid-connect','oidc-hardcoded-role-mapper','f0c51c27-5fa8-4b21-9e5d-83d7c2a1d501',NULL),('305374f4-6f7c-4420-b6c0-ec63d6b9cc4e','username','openid-connect','oidc-usermodel-property-mapper',NULL,'785bd22e-1449-4093-9609-77be270a117e'),('32ea1df0-3beb-488e-b255-4a7d6cb4d149','audience resolve','openid-connect','oidc-audience-resolve-mapper','0d8fe07a-66a2-46ea-8867-81b96994a771',NULL),('338e6066-2c58-4837-afa9-7765da2bbd76','audience resolve','openid-connect','oidc-audience-resolve-mapper',NULL,'85677790-0e5f-4ab4-992c-8af99d9a9845'),('37c46fae-eb4c-48f9-8322-06f3da776bf0','Jcp role','openid-connect','oidc-hardcoded-role-mapper','b7ecfc11-c730-4b0c-88e3-7be2d41c0a2f',NULL),('3dc1f0a1-6228-4cce-947e-741e0a3b9517','audience resolve','openid-connect','oidc-audience-resolve-mapper','668cefc1-9844-43a3-bad2-00a21e312aed',NULL),('3df14ea3-79e2-4b70-a113-ea93f55befe7','Client Host','openid-connect','oidc-usersessionmodel-note-mapper','fdb6d027-9e63-4327-a35b-611c48832b36',NULL),('3e40b82c-c73e-4e3d-add9-84d32dc3c5c4','Client ID','openid-connect','oidc-usersessionmodel-note-mapper','daeadaae-20ea-41fe-9659-200c082b455d',NULL),('41ee54b9-1291-4316-9459-386fe016425f','address','openid-connect','oidc-address-mapper',NULL,'76e84477-6e93-4aaf-904f-e7a69e116a26'),('41f1bf28-06a2-407e-9905-6c27496f04bb','middle name','openid-connect','oidc-usermodel-attribute-mapper',NULL,'785bd22e-1449-4093-9609-77be270a117e'),('48d0eb95-58f7-41d7-b85e-55d6954cc4bc','gender','openid-connect','oidc-usermodel-attribute-mapper',NULL,'785bd22e-1449-4093-9609-77be270a117e'),('4a9429e7-e58d-4a4a-927d-fff93253afcd','Client Host','openid-connect','oidc-usersessionmodel-note-mapper','79e472b0-e562-4535-a516-db7d7696a447',NULL),('4b10483d-dcd5-46de-b884-62663358b860','Obj role (Swagger)','openid-connect','oidc-hardcoded-role-mapper','0f5346de-6194-49d8-92e0-7e69f25d11b2',NULL),('4e023fd9-a3f1-4672-9f6c-61f91bcf59e7','updated at','openid-connect','oidc-usermodel-attribute-mapper',NULL,'36d55e21-bcc4-4ee9-9e67-ab0fc0f190cd'),('4fa55da7-08a8-46f0-8d47-cc2380b871b3','Client Host','openid-connect','oidc-usersessionmodel-note-mapper','66baa3bb-c393-473f-849b-29833cd002bc',NULL),('4fc3c8c6-7109-48f5-8c9c-197cea28f743','middle name','openid-connect','oidc-usermodel-attribute-mapper',NULL,'36d55e21-bcc4-4ee9-9e67-ab0fc0f190cd'),('50f76b24-f6b4-4224-82ae-83531c4c3f55','family name','openid-connect','oidc-usermodel-property-mapper',NULL,'785bd22e-1449-4093-9609-77be270a117e'),('51467902-6ff5-4697-aae1-29425344d89d','updated at','openid-connect','oidc-usermodel-attribute-mapper',NULL,'785bd22e-1449-4093-9609-77be270a117e'),('5179b354-8a79-4c48-b73c-9510f0cefa0e','website','openid-connect','oidc-usermodel-attribute-mapper',NULL,'36d55e21-bcc4-4ee9-9e67-ab0fc0f190cd'),('52546ed5-2b90-4428-85f2-dfbb29c1bc75','Srv role','openid-connect','oidc-hardcoded-role-mapper','fdb6d027-9e63-4327-a35b-611c48832b36',NULL),('527c3a29-e4f5-481f-b21e-77050ead5690','phone number verified','openid-connect','oidc-usermodel-attribute-mapper',NULL,'e86d2fcf-e398-4282-b81e-6dde3996c1de'),('527d2ec5-8701-4b6d-b2f2-aaeef113963c','client roles','openid-connect','oidc-usermodel-client-role-mapper',NULL,'85677790-0e5f-4ab4-992c-8af99d9a9845'),('58590c87-0e3a-4179-b31a-a1398f14a938','nickname','openid-connect','oidc-usermodel-attribute-mapper',NULL,'36d55e21-bcc4-4ee9-9e67-ab0fc0f190cd'),('5916f17f-854b-4152-beb7-2ff004f3677e','Jcp role','openid-connect','oidc-hardcoded-role-mapper','fdb6d027-9e63-4327-a35b-611c48832b36',NULL),('5f4c04f7-4f13-42f3-83b4-3196c51cbdc5','website','openid-connect','oidc-usermodel-attribute-mapper',NULL,'785bd22e-1449-4093-9609-77be270a117e'),('60f028a6-5671-40b8-b735-8cdbce606114','email verified','openid-connect','oidc-usermodel-property-mapper',NULL,'eac946ae-01de-4c6f-9f26-4e0944298ad4'),('63d02bd3-8c72-408c-8755-f51968195316','allowed web origins','openid-connect','oidc-allowed-origins-mapper',NULL,'44fcb7fc-1311-4d67-84a1-b030aabc8381'),('65121744-cbc0-48d1-a179-c4abe1f408a0','full name','openid-connect','oidc-full-name-mapper',NULL,'785bd22e-1449-4093-9609-77be270a117e'),('67165265-9891-4765-b2c6-c4dde5e73622','family name','openid-connect','oidc-usermodel-property-mapper',NULL,'36d55e21-bcc4-4ee9-9e67-ab0fc0f190cd'),('68e894ab-dfaa-4d35-89fa-4291fd1df9b5','Client IP Address','openid-connect','oidc-usersessionmodel-note-mapper','daeadaae-20ea-41fe-9659-200c082b455d',NULL),('6d994097-0495-44e0-9484-049f6b3d3ce3','gender','openid-connect','oidc-usermodel-attribute-mapper',NULL,'36d55e21-bcc4-4ee9-9e67-ab0fc0f190cd'),('6ecc1a89-749e-41d2-bcb5-23aafdacc625','locale','openid-connect','oidc-usermodel-attribute-mapper',NULL,'36d55e21-bcc4-4ee9-9e67-ab0fc0f190cd'),('70a023ba-a1be-4c96-a91f-5ffe2b713627','Jcp role (Swagger)','openid-connect','oidc-hardcoded-role-mapper','0f5346de-6194-49d8-92e0-7e69f25d11b2',NULL),('76989525-1745-40e9-a06d-6c47d1722ba2','Client IP Address','openid-connect','oidc-usersessionmodel-note-mapper','66baa3bb-c393-473f-849b-29833cd002bc',NULL),('77c5f422-3084-4cf6-905d-09ab93e8baf5','zoneinfo','openid-connect','oidc-usermodel-attribute-mapper',NULL,'36d55e21-bcc4-4ee9-9e67-ab0fc0f190cd'),('786168b5-b474-478c-92a4-ada6e00792ad','address','openid-connect','oidc-address-mapper',NULL,'7da4ef2e-c424-449f-9b4d-b8ac3f7b37ad'),('7a730ee9-c9cf-40f2-af99-8d3b622f1c91','birthdate','openid-connect','oidc-usermodel-attribute-mapper',NULL,'36d55e21-bcc4-4ee9-9e67-ab0fc0f190cd'),('7b0a1b17-fff9-4feb-bbfb-097536d0b603','Client Host','openid-connect','oidc-usersessionmodel-note-mapper','daeadaae-20ea-41fe-9659-200c082b455d',NULL),('7b1887a0-1094-4ff0-8021-591c166e570e','Client IP Address','openid-connect','oidc-usersessionmodel-note-mapper','3564bc5d-4650-4265-ab07-ab107580c915',NULL),('7d8950e2-81c4-4f56-940b-e3d7f40f0e02','picture','openid-connect','oidc-usermodel-attribute-mapper',NULL,'36d55e21-bcc4-4ee9-9e67-ab0fc0f190cd'),('7d9bd693-30c8-424e-9378-85186690bd5c','given name','openid-connect','oidc-usermodel-property-mapper',NULL,'785bd22e-1449-4093-9609-77be270a117e'),('7eac23a0-24bd-4b32-9be8-a019078b8fc5','Client Host','openid-connect','oidc-usersessionmodel-note-mapper','f0c51c27-5fa8-4b21-9e5d-83d7c2a1d501',NULL),('805c3b25-2b7e-4907-968f-d1c7e798e871','Client Host','openid-connect','oidc-usersessionmodel-note-mapper','b7ecfc11-c730-4b0c-88e3-7be2d41c0a2f',NULL),('8379c21d-f5cd-4b5c-a515-7b64ac1b2979','realm roles','openid-connect','oidc-usermodel-realm-role-mapper',NULL,'85677790-0e5f-4ab4-992c-8af99d9a9845'),('8bb5e372-6b4b-4c24-a5f8-cea6f9beb929','profile','openid-connect','oidc-usermodel-attribute-mapper',NULL,'36d55e21-bcc4-4ee9-9e67-ab0fc0f190cd'),('8bdd0733-c3b7-4196-a09c-920124eb91d2','email','openid-connect','oidc-usermodel-property-mapper',NULL,'a12673c4-64cd-450e-adf0-dfd96d4ad5a6'),('918cd87c-d826-4c14-85d8-e609ccd9b919','Srv role','openid-connect','oidc-hardcoded-role-mapper','79e472b0-e562-4535-a516-db7d7696a447',NULL),('94d589b4-bad5-4ee8-8a7c-a5c5ee4574d8','picture','openid-connect','oidc-usermodel-attribute-mapper',NULL,'785bd22e-1449-4093-9609-77be270a117e'),('95a6cf5b-edb5-47a8-a170-a9030729ea64','Client ID','openid-connect','oidc-usersessionmodel-note-mapper','b7ecfc11-c730-4b0c-88e3-7be2d41c0a2f',NULL),('9d54f974-f854-4993-b688-8281f8e11f33','locale','openid-connect','oidc-usermodel-attribute-mapper',NULL,'785bd22e-1449-4093-9609-77be270a117e'),('a0529a48-048f-4690-86fd-fbd79da69f9e','Client ID','openid-connect','oidc-usersessionmodel-note-mapper','f0c51c27-5fa8-4b21-9e5d-83d7c2a1d501',NULL),('a0b6e2ca-a142-4608-8e35-692d9752face','phone number verified','openid-connect','oidc-usermodel-attribute-mapper',NULL,'8c078c9a-ddb4-4ca5-a1d5-33c8caa77b2c'),('a2cf4585-922d-499a-be8a-88c47c4581cb','birthdate','openid-connect','oidc-usermodel-attribute-mapper',NULL,'785bd22e-1449-4093-9609-77be270a117e'),('a6d851cc-321d-4f03-95e5-137d3b3b9df0','Srv role (Swagger)','openid-connect','oidc-hardcoded-role-mapper','0f5346de-6194-49d8-92e0-7e69f25d11b2',NULL),('a7f32e91-de6c-4a75-93cc-d54010492ed2','Client IP Address','openid-connect','oidc-usersessionmodel-note-mapper','fdb6d027-9e63-4327-a35b-611c48832b36',NULL),('a90d3292-65b2-47cf-9d06-ef91f412ded7','allowed web origins','openid-connect','oidc-allowed-origins-mapper',NULL,'7463c88b-9628-4073-943a-d837c8c19974'),('abba5bf1-d5ce-4bc1-882f-1785335cc91c','role list','saml','saml-role-list-mapper',NULL,'db97416d-73d3-4535-bc2f-6bcd60bb3182'),('aee9aaed-234d-4e5e-8fbd-27149bccfd7b','role list','saml','saml-role-list-mapper',NULL,'a44d0ac9-5c6c-48f1-81c6-f2db54d3ba4f'),('b1fd3339-5b5d-436a-b21a-6acd36160656','given name','openid-connect','oidc-usermodel-property-mapper',NULL,'36d55e21-bcc4-4ee9-9e67-ab0fc0f190cd'),('b458f3c2-d4bd-41af-aca8-9a345158165d','profile','openid-connect','oidc-usermodel-attribute-mapper',NULL,'785bd22e-1449-4093-9609-77be270a117e'),('b69891bc-d651-4423-8d44-f6ffb5e0a393','Jcp role','openid-connect','oidc-hardcoded-role-mapper','66baa3bb-c393-473f-849b-29833cd002bc',NULL),('b6b74821-14d4-4620-9565-67bb51f82074','full name','openid-connect','oidc-full-name-mapper',NULL,'36d55e21-bcc4-4ee9-9e67-ab0fc0f190cd'),('c3e6a7b0-9988-4f21-b34a-97a54a0fb73e','realm roles','openid-connect','oidc-usermodel-realm-role-mapper',NULL,'685436ea-8562-4bce-a53d-48e98d30249e'),('c6d5b9cb-752a-4c5d-ae76-3c6c23b5d9bb','Client ID','openid-connect','oidc-usersessionmodel-note-mapper','79e472b0-e562-4535-a516-db7d7696a447',NULL),('ccac7a22-ef52-4080-816c-cd29ea4b7606','email','openid-connect','oidc-usermodel-property-mapper',NULL,'eac946ae-01de-4c6f-9f26-4e0944298ad4'),('d3243702-81aa-4d1e-b7bd-46aa65eeb8af','zoneinfo','openid-connect','oidc-usermodel-attribute-mapper',NULL,'785bd22e-1449-4093-9609-77be270a117e'),('d3fe9671-89db-4754-9ede-52df63fb7841','Client Host','openid-connect','oidc-usersessionmodel-note-mapper','3564bc5d-4650-4265-ab07-ab107580c915',NULL),('d876e95c-4685-4518-9d87-a3ad7d2ec817','upn','openid-connect','oidc-usermodel-property-mapper',NULL,'2f82c51b-1aae-4be3-b307-58ec1283e197'),('deebc267-e31f-4a17-a88b-63fda24276a4','email verified','openid-connect','oidc-usermodel-property-mapper',NULL,'a12673c4-64cd-450e-adf0-dfd96d4ad5a6'),('e4ad9191-b230-40b1-bebb-a8cd1d1cb78f','Client IP Address','openid-connect','oidc-usersessionmodel-note-mapper','b7ecfc11-c730-4b0c-88e3-7be2d41c0a2f',NULL),('e71aa237-46b1-4375-b6d7-97ba00f04398','audience resolve','openid-connect','oidc-audience-resolve-mapper',NULL,'685436ea-8562-4bce-a53d-48e98d30249e'),('eab60dc4-39bf-491b-92cf-a6ab5d88bac8','nickname','openid-connect','oidc-usermodel-attribute-mapper',NULL,'785bd22e-1449-4093-9609-77be270a117e'),('ed83e22e-cf81-4fb0-8712-a34bb7756c0c','Client ID','openid-connect','oidc-usersessionmodel-note-mapper','66baa3bb-c393-473f-849b-29833cd002bc',NULL),('ee4815c3-803e-482b-bf20-6b94b8c3d162','Client IP Address','openid-connect','oidc-usersessionmodel-note-mapper','79e472b0-e562-4535-a516-db7d7696a447',NULL),('fe2b3f51-8885-4cd9-ba8f-c1549314ea44','client roles','openid-connect','oidc-usermodel-client-role-mapper',NULL,'685436ea-8562-4bce-a53d-48e98d30249e');
/*!40000 ALTER TABLE `PROTOCOL_MAPPER` ENABLE KEYS */;
UNLOCK TABLES;

--
-- Dumping data for table `PROTOCOL_MAPPER_CONFIG`
--

LOCK TABLES `PROTOCOL_MAPPER_CONFIG` WRITE;
/*!40000 ALTER TABLE `PROTOCOL_MAPPER_CONFIG` DISABLE KEYS */;
INSERT INTO `PROTOCOL_MAPPER_CONFIG` VALUES ('00820cac-7272-4758-962b-b8030365a5a9','srv','role'),('03d86d50-76a9-4ca0-96e7-6a29ff9d3201','srv','role'),('08cbaf65-991b-4705-859f-fd793bff8512','true','access.token.claim'),('08cbaf65-991b-4705-859f-fd793bff8512','groups','claim.name'),('08cbaf65-991b-4705-859f-fd793bff8512','true','id.token.claim'),('08cbaf65-991b-4705-859f-fd793bff8512','String','jsonType.label'),('08cbaf65-991b-4705-859f-fd793bff8512','true','multivalued'),('08cbaf65-991b-4705-859f-fd793bff8512','foo','user.attribute'),('08cbaf65-991b-4705-859f-fd793bff8512','true','userinfo.token.claim'),('0b5b8a00-d982-4fe0-9de2-ff56d9d0ed5c','true','access.token.claim'),('0b5b8a00-d982-4fe0-9de2-ff56d9d0ed5c','upn','claim.name'),('0b5b8a00-d982-4fe0-9de2-ff56d9d0ed5c','true','id.token.claim'),('0b5b8a00-d982-4fe0-9de2-ff56d9d0ed5c','String','jsonType.label'),('0b5b8a00-d982-4fe0-9de2-ff56d9d0ed5c','username','user.attribute'),('0b5b8a00-d982-4fe0-9de2-ff56d9d0ed5c','true','userinfo.token.claim'),('0d47b720-ce0b-48b6-9382-2d3f7ff8954d','true','access.token.claim'),('0d47b720-ce0b-48b6-9382-2d3f7ff8954d','phone_number','claim.name'),('0d47b720-ce0b-48b6-9382-2d3f7ff8954d','true','id.token.claim'),('0d47b720-ce0b-48b6-9382-2d3f7ff8954d','String','jsonType.label'),('0d47b720-ce0b-48b6-9382-2d3f7ff8954d','phoneNumber','user.attribute'),('0d47b720-ce0b-48b6-9382-2d3f7ff8954d','true','userinfo.token.claim'),('0e4e6303-a865-487a-a399-68a5b6427f33','true','access.token.claim'),('0e4e6303-a865-487a-a399-68a5b6427f33','clientAddress','claim.name'),('0e4e6303-a865-487a-a399-68a5b6427f33','true','id.token.claim'),('0e4e6303-a865-487a-a399-68a5b6427f33','String','jsonType.label'),('0e4e6303-a865-487a-a399-68a5b6427f33','clientAddress','user.session.note'),('0e4e6303-a865-487a-a399-68a5b6427f33','true','userinfo.token.claim'),('0f399237-65c6-4184-ac64-bc88f3e5a4db','true','access.token.claim'),('0f399237-65c6-4184-ac64-bc88f3e5a4db','clientId','claim.name'),('0f399237-65c6-4184-ac64-bc88f3e5a4db','true','id.token.claim'),('0f399237-65c6-4184-ac64-bc88f3e5a4db','String','jsonType.label'),('0f399237-65c6-4184-ac64-bc88f3e5a4db','clientId','user.session.note'),('0f399237-65c6-4184-ac64-bc88f3e5a4db','true','userinfo.token.claim'),('12f8df46-61f8-4101-a147-12e3f29e872d','true','access.token.claim'),('12f8df46-61f8-4101-a147-12e3f29e872d','locale','claim.name'),('12f8df46-61f8-4101-a147-12e3f29e872d','true','id.token.claim'),('12f8df46-61f8-4101-a147-12e3f29e872d','String','jsonType.label'),('12f8df46-61f8-4101-a147-12e3f29e872d','locale','user.attribute'),('12f8df46-61f8-4101-a147-12e3f29e872d','true','userinfo.token.claim'),('13a714a9-7cff-4110-95fc-1e9b29b6f90a','true','access.token.claim'),('13a714a9-7cff-4110-95fc-1e9b29b6f90a','clientId','claim.name'),('13a714a9-7cff-4110-95fc-1e9b29b6f90a','true','id.token.claim'),('13a714a9-7cff-4110-95fc-1e9b29b6f90a','String','jsonType.label'),('13a714a9-7cff-4110-95fc-1e9b29b6f90a','clientId','user.session.note'),('13a714a9-7cff-4110-95fc-1e9b29b6f90a','true','userinfo.token.claim'),('1f11a957-6d19-4b24-815e-4875a2c5a921','true','access.token.claim'),('1f11a957-6d19-4b24-815e-4875a2c5a921','locale','claim.name'),('1f11a957-6d19-4b24-815e-4875a2c5a921','true','id.token.claim'),('1f11a957-6d19-4b24-815e-4875a2c5a921','String','jsonType.label'),('1f11a957-6d19-4b24-815e-4875a2c5a921','locale','user.attribute'),('1f11a957-6d19-4b24-815e-4875a2c5a921','true','userinfo.token.claim'),('215cd6bd-7760-4fa1-bb08-cdf063f99257','true','access.token.claim'),('215cd6bd-7760-4fa1-bb08-cdf063f99257','groups','claim.name'),('215cd6bd-7760-4fa1-bb08-cdf063f99257','true','id.token.claim'),('215cd6bd-7760-4fa1-bb08-cdf063f99257','String','jsonType.label'),('215cd6bd-7760-4fa1-bb08-cdf063f99257','true','multivalued'),('215cd6bd-7760-4fa1-bb08-cdf063f99257','foo','user.attribute'),('215cd6bd-7760-4fa1-bb08-cdf063f99257','true','userinfo.token.claim'),('2be5e1a8-1c91-4e4a-a2d8-d89c24263496','true','access.token.claim'),('2be5e1a8-1c91-4e4a-a2d8-d89c24263496','preferred_username','claim.name'),('2be5e1a8-1c91-4e4a-a2d8-d89c24263496','true','id.token.claim'),('2be5e1a8-1c91-4e4a-a2d8-d89c24263496','String','jsonType.label'),('2be5e1a8-1c91-4e4a-a2d8-d89c24263496','username','user.attribute'),('2be5e1a8-1c91-4e4a-a2d8-d89c24263496','true','userinfo.token.claim'),('2be740a5-ef19-4443-834e-25cfa415ee0b','jcp','role'),('2f1d241c-90ff-4442-80b1-4209834e7b66','true','access.token.claim'),('2f1d241c-90ff-4442-80b1-4209834e7b66','phone_number','claim.name'),('2f1d241c-90ff-4442-80b1-4209834e7b66','true','id.token.claim'),('2f1d241c-90ff-4442-80b1-4209834e7b66','String','jsonType.label'),('2f1d241c-90ff-4442-80b1-4209834e7b66','phoneNumber','user.attribute'),('2f1d241c-90ff-4442-80b1-4209834e7b66','true','userinfo.token.claim'),('2f2e8ca1-e978-4f0e-ac17-aa3124aa0107','jcp','role'),('305374f4-6f7c-4420-b6c0-ec63d6b9cc4e','true','access.token.claim'),('305374f4-6f7c-4420-b6c0-ec63d6b9cc4e','preferred_username','claim.name'),('305374f4-6f7c-4420-b6c0-ec63d6b9cc4e','true','id.token.claim'),('305374f4-6f7c-4420-b6c0-ec63d6b9cc4e','String','jsonType.label'),('305374f4-6f7c-4420-b6c0-ec63d6b9cc4e','username','user.attribute'),('305374f4-6f7c-4420-b6c0-ec63d6b9cc4e','true','userinfo.token.claim'),('37c46fae-eb4c-48f9-8322-06f3da776bf0','srv','role'),('3df14ea3-79e2-4b70-a113-ea93f55befe7','true','access.token.claim'),('3df14ea3-79e2-4b70-a113-ea93f55befe7','clientHost','claim.name'),('3df14ea3-79e2-4b70-a113-ea93f55befe7','true','id.token.claim'),('3df14ea3-79e2-4b70-a113-ea93f55befe7','String','jsonType.label'),('3df14ea3-79e2-4b70-a113-ea93f55befe7','clientHost','user.session.note'),('3df14ea3-79e2-4b70-a113-ea93f55befe7','true','userinfo.token.claim'),('3e40b82c-c73e-4e3d-add9-84d32dc3c5c4','true','access.token.claim'),('3e40b82c-c73e-4e3d-add9-84d32dc3c5c4','clientId','claim.name'),('3e40b82c-c73e-4e3d-add9-84d32dc3c5c4','true','id.token.claim'),('3e40b82c-c73e-4e3d-add9-84d32dc3c5c4','String','jsonType.label'),('3e40b82c-c73e-4e3d-add9-84d32dc3c5c4','clientId','user.session.note'),('3e40b82c-c73e-4e3d-add9-84d32dc3c5c4','true','userinfo.token.claim'),('41ee54b9-1291-4316-9459-386fe016425f','true','access.token.claim'),('41ee54b9-1291-4316-9459-386fe016425f','true','id.token.claim'),('41ee54b9-1291-4316-9459-386fe016425f','country','user.attribute.country'),('41ee54b9-1291-4316-9459-386fe016425f','formatted','user.attribute.formatted'),('41ee54b9-1291-4316-9459-386fe016425f','locality','user.attribute.locality'),('41ee54b9-1291-4316-9459-386fe016425f','postal_code','user.attribute.postal_code'),('41ee54b9-1291-4316-9459-386fe016425f','region','user.attribute.region'),('41ee54b9-1291-4316-9459-386fe016425f','street','user.attribute.street'),('41ee54b9-1291-4316-9459-386fe016425f','true','userinfo.token.claim'),('41f1bf28-06a2-407e-9905-6c27496f04bb','true','access.token.claim'),('41f1bf28-06a2-407e-9905-6c27496f04bb','middle_name','claim.name'),('41f1bf28-06a2-407e-9905-6c27496f04bb','true','id.token.claim'),('41f1bf28-06a2-407e-9905-6c27496f04bb','String','jsonType.label'),('41f1bf28-06a2-407e-9905-6c27496f04bb','middleName','user.attribute'),('41f1bf28-06a2-407e-9905-6c27496f04bb','true','userinfo.token.claim'),('48d0eb95-58f7-41d7-b85e-55d6954cc4bc','true','access.token.claim'),('48d0eb95-58f7-41d7-b85e-55d6954cc4bc','gender','claim.name'),('48d0eb95-58f7-41d7-b85e-55d6954cc4bc','true','id.token.claim'),('48d0eb95-58f7-41d7-b85e-55d6954cc4bc','String','jsonType.label'),('48d0eb95-58f7-41d7-b85e-55d6954cc4bc','gender','user.attribute'),('48d0eb95-58f7-41d7-b85e-55d6954cc4bc','true','userinfo.token.claim'),('4a9429e7-e58d-4a4a-927d-fff93253afcd','true','access.token.claim'),('4a9429e7-e58d-4a4a-927d-fff93253afcd','clientHost','claim.name'),('4a9429e7-e58d-4a4a-927d-fff93253afcd','true','id.token.claim'),('4a9429e7-e58d-4a4a-927d-fff93253afcd','String','jsonType.label'),('4a9429e7-e58d-4a4a-927d-fff93253afcd','clientHost','user.session.note'),('4a9429e7-e58d-4a4a-927d-fff93253afcd','true','userinfo.token.claim'),('4b10483d-dcd5-46de-b884-62663358b860','obj','role'),('4e023fd9-a3f1-4672-9f6c-61f91bcf59e7','true','access.token.claim'),('4e023fd9-a3f1-4672-9f6c-61f91bcf59e7','updated_at','claim.name'),('4e023fd9-a3f1-4672-9f6c-61f91bcf59e7','true','id.token.claim'),('4e023fd9-a3f1-4672-9f6c-61f91bcf59e7','String','jsonType.label'),('4e023fd9-a3f1-4672-9f6c-61f91bcf59e7','updatedAt','user.attribute'),('4e023fd9-a3f1-4672-9f6c-61f91bcf59e7','true','userinfo.token.claim'),('4fa55da7-08a8-46f0-8d47-cc2380b871b3','true','access.token.claim'),('4fa55da7-08a8-46f0-8d47-cc2380b871b3','clientHost','claim.name'),('4fa55da7-08a8-46f0-8d47-cc2380b871b3','true','id.token.claim'),('4fa55da7-08a8-46f0-8d47-cc2380b871b3','String','jsonType.label'),('4fa55da7-08a8-46f0-8d47-cc2380b871b3','clientHost','user.session.note'),('4fa55da7-08a8-46f0-8d47-cc2380b871b3','true','userinfo.token.claim'),('4fc3c8c6-7109-48f5-8c9c-197cea28f743','true','access.token.claim'),('4fc3c8c6-7109-48f5-8c9c-197cea28f743','middle_name','claim.name'),('4fc3c8c6-7109-48f5-8c9c-197cea28f743','true','id.token.claim'),('4fc3c8c6-7109-48f5-8c9c-197cea28f743','String','jsonType.label'),('4fc3c8c6-7109-48f5-8c9c-197cea28f743','middleName','user.attribute'),('4fc3c8c6-7109-48f5-8c9c-197cea28f743','true','userinfo.token.claim'),('50f76b24-f6b4-4224-82ae-83531c4c3f55','true','access.token.claim'),('50f76b24-f6b4-4224-82ae-83531c4c3f55','family_name','claim.name'),('50f76b24-f6b4-4224-82ae-83531c4c3f55','true','id.token.claim'),('50f76b24-f6b4-4224-82ae-83531c4c3f55','String','jsonType.label'),('50f76b24-f6b4-4224-82ae-83531c4c3f55','lastName','user.attribute'),('50f76b24-f6b4-4224-82ae-83531c4c3f55','true','userinfo.token.claim'),('51467902-6ff5-4697-aae1-29425344d89d','true','access.token.claim'),('51467902-6ff5-4697-aae1-29425344d89d','updated_at','claim.name'),('51467902-6ff5-4697-aae1-29425344d89d','true','id.token.claim'),('51467902-6ff5-4697-aae1-29425344d89d','String','jsonType.label'),('51467902-6ff5-4697-aae1-29425344d89d','updatedAt','user.attribute'),('51467902-6ff5-4697-aae1-29425344d89d','true','userinfo.token.claim'),('5179b354-8a79-4c48-b73c-9510f0cefa0e','true','access.token.claim'),('5179b354-8a79-4c48-b73c-9510f0cefa0e','website','claim.name'),('5179b354-8a79-4c48-b73c-9510f0cefa0e','true','id.token.claim'),('5179b354-8a79-4c48-b73c-9510f0cefa0e','String','jsonType.label'),('5179b354-8a79-4c48-b73c-9510f0cefa0e','website','user.attribute'),('5179b354-8a79-4c48-b73c-9510f0cefa0e','true','userinfo.token.claim'),('52546ed5-2b90-4428-85f2-dfbb29c1bc75','srv','role'),('527c3a29-e4f5-481f-b21e-77050ead5690','true','access.token.claim'),('527c3a29-e4f5-481f-b21e-77050ead5690','phone_number_verified','claim.name'),('527c3a29-e4f5-481f-b21e-77050ead5690','true','id.token.claim'),('527c3a29-e4f5-481f-b21e-77050ead5690','boolean','jsonType.label'),('527c3a29-e4f5-481f-b21e-77050ead5690','phoneNumberVerified','user.attribute'),('527c3a29-e4f5-481f-b21e-77050ead5690','true','userinfo.token.claim'),('527d2ec5-8701-4b6d-b2f2-aaeef113963c','true','access.token.claim'),('527d2ec5-8701-4b6d-b2f2-aaeef113963c','resource_access.${client_id}.roles','claim.name'),('527d2ec5-8701-4b6d-b2f2-aaeef113963c','String','jsonType.label'),('527d2ec5-8701-4b6d-b2f2-aaeef113963c','true','multivalued'),('527d2ec5-8701-4b6d-b2f2-aaeef113963c','foo','user.attribute'),('58590c87-0e3a-4179-b31a-a1398f14a938','true','access.token.claim'),('58590c87-0e3a-4179-b31a-a1398f14a938','nickname','claim.name'),('58590c87-0e3a-4179-b31a-a1398f14a938','true','id.token.claim'),('58590c87-0e3a-4179-b31a-a1398f14a938','String','jsonType.label'),('58590c87-0e3a-4179-b31a-a1398f14a938','nickname','user.attribute'),('58590c87-0e3a-4179-b31a-a1398f14a938','true','userinfo.token.claim'),('5916f17f-854b-4152-beb7-2ff004f3677e','jcp','role'),('5f4c04f7-4f13-42f3-83b4-3196c51cbdc5','true','access.token.claim'),('5f4c04f7-4f13-42f3-83b4-3196c51cbdc5','website','claim.name'),('5f4c04f7-4f13-42f3-83b4-3196c51cbdc5','true','id.token.claim'),('5f4c04f7-4f13-42f3-83b4-3196c51cbdc5','String','jsonType.label'),('5f4c04f7-4f13-42f3-83b4-3196c51cbdc5','website','user.attribute'),('5f4c04f7-4f13-42f3-83b4-3196c51cbdc5','true','userinfo.token.claim'),('60f028a6-5671-40b8-b735-8cdbce606114','true','access.token.claim'),('60f028a6-5671-40b8-b735-8cdbce606114','email_verified','claim.name'),('60f028a6-5671-40b8-b735-8cdbce606114','true','id.token.claim'),('60f028a6-5671-40b8-b735-8cdbce606114','boolean','jsonType.label'),('60f028a6-5671-40b8-b735-8cdbce606114','emailVerified','user.attribute'),('60f028a6-5671-40b8-b735-8cdbce606114','true','userinfo.token.claim'),('65121744-cbc0-48d1-a179-c4abe1f408a0','true','access.token.claim'),('65121744-cbc0-48d1-a179-c4abe1f408a0','true','id.token.claim'),('65121744-cbc0-48d1-a179-c4abe1f408a0','true','userinfo.token.claim'),('67165265-9891-4765-b2c6-c4dde5e73622','true','access.token.claim'),('67165265-9891-4765-b2c6-c4dde5e73622','family_name','claim.name'),('67165265-9891-4765-b2c6-c4dde5e73622','true','id.token.claim'),('67165265-9891-4765-b2c6-c4dde5e73622','String','jsonType.label'),('67165265-9891-4765-b2c6-c4dde5e73622','lastName','user.attribute'),('67165265-9891-4765-b2c6-c4dde5e73622','true','userinfo.token.claim'),('68e894ab-dfaa-4d35-89fa-4291fd1df9b5','true','access.token.claim'),('68e894ab-dfaa-4d35-89fa-4291fd1df9b5','clientAddress','claim.name'),('68e894ab-dfaa-4d35-89fa-4291fd1df9b5','true','id.token.claim'),('68e894ab-dfaa-4d35-89fa-4291fd1df9b5','String','jsonType.label'),('68e894ab-dfaa-4d35-89fa-4291fd1df9b5','clientAddress','user.session.note'),('68e894ab-dfaa-4d35-89fa-4291fd1df9b5','true','userinfo.token.claim'),('6d994097-0495-44e0-9484-049f6b3d3ce3','true','access.token.claim'),('6d994097-0495-44e0-9484-049f6b3d3ce3','gender','claim.name'),('6d994097-0495-44e0-9484-049f6b3d3ce3','true','id.token.claim'),('6d994097-0495-44e0-9484-049f6b3d3ce3','String','jsonType.label'),('6d994097-0495-44e0-9484-049f6b3d3ce3','gender','user.attribute'),('6d994097-0495-44e0-9484-049f6b3d3ce3','true','userinfo.token.claim'),('6ecc1a89-749e-41d2-bcb5-23aafdacc625','true','access.token.claim'),('6ecc1a89-749e-41d2-bcb5-23aafdacc625','locale','claim.name'),('6ecc1a89-749e-41d2-bcb5-23aafdacc625','true','id.token.claim'),('6ecc1a89-749e-41d2-bcb5-23aafdacc625','String','jsonType.label'),('6ecc1a89-749e-41d2-bcb5-23aafdacc625','locale','user.attribute'),('6ecc1a89-749e-41d2-bcb5-23aafdacc625','true','userinfo.token.claim'),('70a023ba-a1be-4c96-a91f-5ffe2b713627','jcp','role'),('76989525-1745-40e9-a06d-6c47d1722ba2','true','access.token.claim'),('76989525-1745-40e9-a06d-6c47d1722ba2','clientAddress','claim.name'),('76989525-1745-40e9-a06d-6c47d1722ba2','true','id.token.claim'),('76989525-1745-40e9-a06d-6c47d1722ba2','String','jsonType.label'),('76989525-1745-40e9-a06d-6c47d1722ba2','clientAddress','user.session.note'),('76989525-1745-40e9-a06d-6c47d1722ba2','true','userinfo.token.claim'),('77c5f422-3084-4cf6-905d-09ab93e8baf5','true','access.token.claim'),('77c5f422-3084-4cf6-905d-09ab93e8baf5','zoneinfo','claim.name'),('77c5f422-3084-4cf6-905d-09ab93e8baf5','true','id.token.claim'),('77c5f422-3084-4cf6-905d-09ab93e8baf5','String','jsonType.label'),('77c5f422-3084-4cf6-905d-09ab93e8baf5','zoneinfo','user.attribute'),('77c5f422-3084-4cf6-905d-09ab93e8baf5','true','userinfo.token.claim'),('786168b5-b474-478c-92a4-ada6e00792ad','true','access.token.claim'),('786168b5-b474-478c-92a4-ada6e00792ad','true','id.token.claim'),('786168b5-b474-478c-92a4-ada6e00792ad','country','user.attribute.country'),('786168b5-b474-478c-92a4-ada6e00792ad','formatted','user.attribute.formatted'),('786168b5-b474-478c-92a4-ada6e00792ad','locality','user.attribute.locality'),('786168b5-b474-478c-92a4-ada6e00792ad','postal_code','user.attribute.postal_code'),('786168b5-b474-478c-92a4-ada6e00792ad','region','user.attribute.region'),('786168b5-b474-478c-92a4-ada6e00792ad','street','user.attribute.street'),('786168b5-b474-478c-92a4-ada6e00792ad','true','userinfo.token.claim'),('7a730ee9-c9cf-40f2-af99-8d3b622f1c91','true','access.token.claim'),('7a730ee9-c9cf-40f2-af99-8d3b622f1c91','birthdate','claim.name'),('7a730ee9-c9cf-40f2-af99-8d3b622f1c91','true','id.token.claim'),('7a730ee9-c9cf-40f2-af99-8d3b622f1c91','String','jsonType.label'),('7a730ee9-c9cf-40f2-af99-8d3b622f1c91','birthdate','user.attribute'),('7a730ee9-c9cf-40f2-af99-8d3b622f1c91','true','userinfo.token.claim'),('7b0a1b17-fff9-4feb-bbfb-097536d0b603','true','access.token.claim'),('7b0a1b17-fff9-4feb-bbfb-097536d0b603','clientHost','claim.name'),('7b0a1b17-fff9-4feb-bbfb-097536d0b603','true','id.token.claim'),('7b0a1b17-fff9-4feb-bbfb-097536d0b603','String','jsonType.label'),('7b0a1b17-fff9-4feb-bbfb-097536d0b603','clientHost','user.session.note'),('7b0a1b17-fff9-4feb-bbfb-097536d0b603','true','userinfo.token.claim'),('7b1887a0-1094-4ff0-8021-591c166e570e','true','access.token.claim'),('7b1887a0-1094-4ff0-8021-591c166e570e','clientAddress','claim.name'),('7b1887a0-1094-4ff0-8021-591c166e570e','true','id.token.claim'),('7b1887a0-1094-4ff0-8021-591c166e570e','String','jsonType.label'),('7b1887a0-1094-4ff0-8021-591c166e570e','clientAddress','user.session.note'),('7b1887a0-1094-4ff0-8021-591c166e570e','true','userinfo.token.claim'),('7d8950e2-81c4-4f56-940b-e3d7f40f0e02','true','access.token.claim'),('7d8950e2-81c4-4f56-940b-e3d7f40f0e02','picture','claim.name'),('7d8950e2-81c4-4f56-940b-e3d7f40f0e02','true','id.token.claim'),('7d8950e2-81c4-4f56-940b-e3d7f40f0e02','String','jsonType.label'),('7d8950e2-81c4-4f56-940b-e3d7f40f0e02','picture','user.attribute'),('7d8950e2-81c4-4f56-940b-e3d7f40f0e02','true','userinfo.token.claim'),('7d9bd693-30c8-424e-9378-85186690bd5c','true','access.token.claim'),('7d9bd693-30c8-424e-9378-85186690bd5c','given_name','claim.name'),('7d9bd693-30c8-424e-9378-85186690bd5c','true','id.token.claim'),('7d9bd693-30c8-424e-9378-85186690bd5c','String','jsonType.label'),('7d9bd693-30c8-424e-9378-85186690bd5c','firstName','user.attribute'),('7d9bd693-30c8-424e-9378-85186690bd5c','true','userinfo.token.claim'),('7eac23a0-24bd-4b32-9be8-a019078b8fc5','true','access.token.claim'),('7eac23a0-24bd-4b32-9be8-a019078b8fc5','clientHost','claim.name'),('7eac23a0-24bd-4b32-9be8-a019078b8fc5','true','id.token.claim'),('7eac23a0-24bd-4b32-9be8-a019078b8fc5','String','jsonType.label'),('7eac23a0-24bd-4b32-9be8-a019078b8fc5','clientHost','user.session.note'),('7eac23a0-24bd-4b32-9be8-a019078b8fc5','true','userinfo.token.claim'),('805c3b25-2b7e-4907-968f-d1c7e798e871','true','access.token.claim'),('805c3b25-2b7e-4907-968f-d1c7e798e871','clientHost','claim.name'),('805c3b25-2b7e-4907-968f-d1c7e798e871','true','id.token.claim'),('805c3b25-2b7e-4907-968f-d1c7e798e871','String','jsonType.label'),('805c3b25-2b7e-4907-968f-d1c7e798e871','clientHost','user.session.note'),('805c3b25-2b7e-4907-968f-d1c7e798e871','true','userinfo.token.claim'),('8379c21d-f5cd-4b5c-a515-7b64ac1b2979','true','access.token.claim'),('8379c21d-f5cd-4b5c-a515-7b64ac1b2979','realm_access.roles','claim.name'),('8379c21d-f5cd-4b5c-a515-7b64ac1b2979','String','jsonType.label'),('8379c21d-f5cd-4b5c-a515-7b64ac1b2979','true','multivalued'),('8379c21d-f5cd-4b5c-a515-7b64ac1b2979','foo','user.attribute'),('8bb5e372-6b4b-4c24-a5f8-cea6f9beb929','true','access.token.claim'),('8bb5e372-6b4b-4c24-a5f8-cea6f9beb929','profile','claim.name'),('8bb5e372-6b4b-4c24-a5f8-cea6f9beb929','true','id.token.claim'),('8bb5e372-6b4b-4c24-a5f8-cea6f9beb929','String','jsonType.label'),('8bb5e372-6b4b-4c24-a5f8-cea6f9beb929','profile','user.attribute'),('8bb5e372-6b4b-4c24-a5f8-cea6f9beb929','true','userinfo.token.claim'),('8bdd0733-c3b7-4196-a09c-920124eb91d2','true','access.token.claim'),('8bdd0733-c3b7-4196-a09c-920124eb91d2','email','claim.name'),('8bdd0733-c3b7-4196-a09c-920124eb91d2','true','id.token.claim'),('8bdd0733-c3b7-4196-a09c-920124eb91d2','String','jsonType.label'),('8bdd0733-c3b7-4196-a09c-920124eb91d2','email','user.attribute'),('8bdd0733-c3b7-4196-a09c-920124eb91d2','true','userinfo.token.claim'),('918cd87c-d826-4c14-85d8-e609ccd9b919','srv','role'),('94d589b4-bad5-4ee8-8a7c-a5c5ee4574d8','true','access.token.claim'),('94d589b4-bad5-4ee8-8a7c-a5c5ee4574d8','picture','claim.name'),('94d589b4-bad5-4ee8-8a7c-a5c5ee4574d8','true','id.token.claim'),('94d589b4-bad5-4ee8-8a7c-a5c5ee4574d8','String','jsonType.label'),('94d589b4-bad5-4ee8-8a7c-a5c5ee4574d8','picture','user.attribute'),('94d589b4-bad5-4ee8-8a7c-a5c5ee4574d8','true','userinfo.token.claim'),('95a6cf5b-edb5-47a8-a170-a9030729ea64','true','access.token.claim'),('95a6cf5b-edb5-47a8-a170-a9030729ea64','clientId','claim.name'),('95a6cf5b-edb5-47a8-a170-a9030729ea64','true','id.token.claim'),('95a6cf5b-edb5-47a8-a170-a9030729ea64','String','jsonType.label'),('95a6cf5b-edb5-47a8-a170-a9030729ea64','clientId','user.session.note'),('95a6cf5b-edb5-47a8-a170-a9030729ea64','true','userinfo.token.claim'),('9d54f974-f854-4993-b688-8281f8e11f33','true','access.token.claim'),('9d54f974-f854-4993-b688-8281f8e11f33','locale','claim.name'),('9d54f974-f854-4993-b688-8281f8e11f33','true','id.token.claim'),('9d54f974-f854-4993-b688-8281f8e11f33','String','jsonType.label'),('9d54f974-f854-4993-b688-8281f8e11f33','locale','user.attribute'),('9d54f974-f854-4993-b688-8281f8e11f33','true','userinfo.token.claim'),('a0529a48-048f-4690-86fd-fbd79da69f9e','true','access.token.claim'),('a0529a48-048f-4690-86fd-fbd79da69f9e','clientId','claim.name'),('a0529a48-048f-4690-86fd-fbd79da69f9e','true','id.token.claim'),('a0529a48-048f-4690-86fd-fbd79da69f9e','String','jsonType.label'),('a0529a48-048f-4690-86fd-fbd79da69f9e','clientId','user.session.note'),('a0529a48-048f-4690-86fd-fbd79da69f9e','true','userinfo.token.claim'),('a0b6e2ca-a142-4608-8e35-692d9752face','true','access.token.claim'),('a0b6e2ca-a142-4608-8e35-692d9752face','phone_number_verified','claim.name'),('a0b6e2ca-a142-4608-8e35-692d9752face','true','id.token.claim'),('a0b6e2ca-a142-4608-8e35-692d9752face','boolean','jsonType.label'),('a0b6e2ca-a142-4608-8e35-692d9752face','phoneNumberVerified','user.attribute'),('a0b6e2ca-a142-4608-8e35-692d9752face','true','userinfo.token.claim'),('a2cf4585-922d-499a-be8a-88c47c4581cb','true','access.token.claim'),('a2cf4585-922d-499a-be8a-88c47c4581cb','birthdate','claim.name'),('a2cf4585-922d-499a-be8a-88c47c4581cb','true','id.token.claim'),('a2cf4585-922d-499a-be8a-88c47c4581cb','String','jsonType.label'),('a2cf4585-922d-499a-be8a-88c47c4581cb','birthdate','user.attribute'),('a2cf4585-922d-499a-be8a-88c47c4581cb','true','userinfo.token.claim'),('a6d851cc-321d-4f03-95e5-137d3b3b9df0','srv','role'),('a7f32e91-de6c-4a75-93cc-d54010492ed2','true','access.token.claim'),('a7f32e91-de6c-4a75-93cc-d54010492ed2','clientAddress','claim.name'),('a7f32e91-de6c-4a75-93cc-d54010492ed2','true','id.token.claim'),('a7f32e91-de6c-4a75-93cc-d54010492ed2','String','jsonType.label'),('a7f32e91-de6c-4a75-93cc-d54010492ed2','clientAddress','user.session.note'),('a7f32e91-de6c-4a75-93cc-d54010492ed2','true','userinfo.token.claim'),('abba5bf1-d5ce-4bc1-882f-1785335cc91c','Role','attribute.name'),('abba5bf1-d5ce-4bc1-882f-1785335cc91c','Basic','attribute.nameformat'),('abba5bf1-d5ce-4bc1-882f-1785335cc91c','false','single'),('aee9aaed-234d-4e5e-8fbd-27149bccfd7b','Role','attribute.name'),('aee9aaed-234d-4e5e-8fbd-27149bccfd7b','Basic','attribute.nameformat'),('aee9aaed-234d-4e5e-8fbd-27149bccfd7b','false','single'),('b1fd3339-5b5d-436a-b21a-6acd36160656','true','access.token.claim'),('b1fd3339-5b5d-436a-b21a-6acd36160656','given_name','claim.name'),('b1fd3339-5b5d-436a-b21a-6acd36160656','true','id.token.claim'),('b1fd3339-5b5d-436a-b21a-6acd36160656','String','jsonType.label'),('b1fd3339-5b5d-436a-b21a-6acd36160656','firstName','user.attribute'),('b1fd3339-5b5d-436a-b21a-6acd36160656','true','userinfo.token.claim'),('b458f3c2-d4bd-41af-aca8-9a345158165d','true','access.token.claim'),('b458f3c2-d4bd-41af-aca8-9a345158165d','profile','claim.name'),('b458f3c2-d4bd-41af-aca8-9a345158165d','true','id.token.claim'),('b458f3c2-d4bd-41af-aca8-9a345158165d','String','jsonType.label'),('b458f3c2-d4bd-41af-aca8-9a345158165d','profile','user.attribute'),('b458f3c2-d4bd-41af-aca8-9a345158165d','true','userinfo.token.claim'),('b69891bc-d651-4423-8d44-f6ffb5e0a393','jcp','role'),('b6b74821-14d4-4620-9565-67bb51f82074','true','access.token.claim'),('b6b74821-14d4-4620-9565-67bb51f82074','true','id.token.claim'),('b6b74821-14d4-4620-9565-67bb51f82074','true','userinfo.token.claim'),('c3e6a7b0-9988-4f21-b34a-97a54a0fb73e','true','access.token.claim'),('c3e6a7b0-9988-4f21-b34a-97a54a0fb73e','realm_access.roles','claim.name'),('c3e6a7b0-9988-4f21-b34a-97a54a0fb73e','String','jsonType.label'),('c3e6a7b0-9988-4f21-b34a-97a54a0fb73e','true','multivalued'),('c3e6a7b0-9988-4f21-b34a-97a54a0fb73e','foo','user.attribute'),('c6d5b9cb-752a-4c5d-ae76-3c6c23b5d9bb','true','access.token.claim'),('c6d5b9cb-752a-4c5d-ae76-3c6c23b5d9bb','clientId','claim.name'),('c6d5b9cb-752a-4c5d-ae76-3c6c23b5d9bb','true','id.token.claim'),('c6d5b9cb-752a-4c5d-ae76-3c6c23b5d9bb','String','jsonType.label'),('c6d5b9cb-752a-4c5d-ae76-3c6c23b5d9bb','clientId','user.session.note'),('c6d5b9cb-752a-4c5d-ae76-3c6c23b5d9bb','true','userinfo.token.claim'),('ccac7a22-ef52-4080-816c-cd29ea4b7606','true','access.token.claim'),('ccac7a22-ef52-4080-816c-cd29ea4b7606','email','claim.name'),('ccac7a22-ef52-4080-816c-cd29ea4b7606','true','id.token.claim'),('ccac7a22-ef52-4080-816c-cd29ea4b7606','String','jsonType.label'),('ccac7a22-ef52-4080-816c-cd29ea4b7606','email','user.attribute'),('ccac7a22-ef52-4080-816c-cd29ea4b7606','true','userinfo.token.claim'),('d3243702-81aa-4d1e-b7bd-46aa65eeb8af','true','access.token.claim'),('d3243702-81aa-4d1e-b7bd-46aa65eeb8af','zoneinfo','claim.name'),('d3243702-81aa-4d1e-b7bd-46aa65eeb8af','true','id.token.claim'),('d3243702-81aa-4d1e-b7bd-46aa65eeb8af','String','jsonType.label'),('d3243702-81aa-4d1e-b7bd-46aa65eeb8af','zoneinfo','user.attribute'),('d3243702-81aa-4d1e-b7bd-46aa65eeb8af','true','userinfo.token.claim'),('d3fe9671-89db-4754-9ede-52df63fb7841','true','access.token.claim'),('d3fe9671-89db-4754-9ede-52df63fb7841','clientHost','claim.name'),('d3fe9671-89db-4754-9ede-52df63fb7841','true','id.token.claim'),('d3fe9671-89db-4754-9ede-52df63fb7841','String','jsonType.label'),('d3fe9671-89db-4754-9ede-52df63fb7841','clientHost','user.session.note'),('d3fe9671-89db-4754-9ede-52df63fb7841','true','userinfo.token.claim'),('d876e95c-4685-4518-9d87-a3ad7d2ec817','true','access.token.claim'),('d876e95c-4685-4518-9d87-a3ad7d2ec817','upn','claim.name'),('d876e95c-4685-4518-9d87-a3ad7d2ec817','true','id.token.claim'),('d876e95c-4685-4518-9d87-a3ad7d2ec817','String','jsonType.label'),('d876e95c-4685-4518-9d87-a3ad7d2ec817','username','user.attribute'),('d876e95c-4685-4518-9d87-a3ad7d2ec817','true','userinfo.token.claim'),('deebc267-e31f-4a17-a88b-63fda24276a4','true','access.token.claim'),('deebc267-e31f-4a17-a88b-63fda24276a4','email_verified','claim.name'),('deebc267-e31f-4a17-a88b-63fda24276a4','true','id.token.claim'),('deebc267-e31f-4a17-a88b-63fda24276a4','boolean','jsonType.label'),('deebc267-e31f-4a17-a88b-63fda24276a4','emailVerified','user.attribute'),('deebc267-e31f-4a17-a88b-63fda24276a4','true','userinfo.token.claim'),('e4ad9191-b230-40b1-bebb-a8cd1d1cb78f','true','access.token.claim'),('e4ad9191-b230-40b1-bebb-a8cd1d1cb78f','clientAddress','claim.name'),('e4ad9191-b230-40b1-bebb-a8cd1d1cb78f','true','id.token.claim'),('e4ad9191-b230-40b1-bebb-a8cd1d1cb78f','String','jsonType.label'),('e4ad9191-b230-40b1-bebb-a8cd1d1cb78f','clientAddress','user.session.note'),('e4ad9191-b230-40b1-bebb-a8cd1d1cb78f','true','userinfo.token.claim'),('eab60dc4-39bf-491b-92cf-a6ab5d88bac8','true','access.token.claim'),('eab60dc4-39bf-491b-92cf-a6ab5d88bac8','nickname','claim.name'),('eab60dc4-39bf-491b-92cf-a6ab5d88bac8','true','id.token.claim'),('eab60dc4-39bf-491b-92cf-a6ab5d88bac8','String','jsonType.label'),('eab60dc4-39bf-491b-92cf-a6ab5d88bac8','nickname','user.attribute'),('eab60dc4-39bf-491b-92cf-a6ab5d88bac8','true','userinfo.token.claim'),('ed83e22e-cf81-4fb0-8712-a34bb7756c0c','true','access.token.claim'),('ed83e22e-cf81-4fb0-8712-a34bb7756c0c','clientId','claim.name'),('ed83e22e-cf81-4fb0-8712-a34bb7756c0c','true','id.token.claim'),('ed83e22e-cf81-4fb0-8712-a34bb7756c0c','String','jsonType.label'),('ed83e22e-cf81-4fb0-8712-a34bb7756c0c','clientId','user.session.note'),('ed83e22e-cf81-4fb0-8712-a34bb7756c0c','true','userinfo.token.claim'),('ee4815c3-803e-482b-bf20-6b94b8c3d162','true','access.token.claim'),('ee4815c3-803e-482b-bf20-6b94b8c3d162','clientAddress','claim.name'),('ee4815c3-803e-482b-bf20-6b94b8c3d162','true','id.token.claim'),('ee4815c3-803e-482b-bf20-6b94b8c3d162','String','jsonType.label'),('ee4815c3-803e-482b-bf20-6b94b8c3d162','clientAddress','user.session.note'),('ee4815c3-803e-482b-bf20-6b94b8c3d162','true','userinfo.token.claim'),('fe2b3f51-8885-4cd9-ba8f-c1549314ea44','true','access.token.claim'),('fe2b3f51-8885-4cd9-ba8f-c1549314ea44','resource_access.${client_id}.roles','claim.name'),('fe2b3f51-8885-4cd9-ba8f-c1549314ea44','String','jsonType.label'),('fe2b3f51-8885-4cd9-ba8f-c1549314ea44','true','multivalued'),('fe2b3f51-8885-4cd9-ba8f-c1549314ea44','foo','user.attribute');
/*!40000 ALTER TABLE `PROTOCOL_MAPPER_CONFIG` ENABLE KEYS */;
UNLOCK TABLES;

--
-- Dumping data for table `REALM`
--

LOCK TABLES `REALM` WRITE;
/*!40000 ALTER TABLE `REALM` DISABLE KEYS */;
INSERT INTO `REALM` VALUES ('JCP',60,300,300,NULL,NULL,NULL,_binary '',_binary '\0',0,NULL,'jcp',0,NULL,_binary '',_binary '',_binary '',_binary '\0','ALL',1800,36000,_binary '\0',_binary '','565ca8b9-5a1e-4b74-92fd-afa137b0d4d9',1800,_binary '\0',NULL,_binary '\0',_binary '\0',_binary '\0',_binary '',0,1,30,6,'HmacSHA1','totp','64a34332-ffe6-4242-b108-397331605b03','49ba5b5d-47ce-4ed5-8125-010c6aa3e549','211f5877-358b-4d81-ada2-6ca1599d25f9','a4845541-d8a6-44f8-b5d0-68319e2d2d8f','fdde9c81-a77f-4c16-bdbe-5b7abbab5210',2592000,_binary '\0',900,_binary '',_binary '\0','4fa58e6b-7c92-429c-a077-68c868883d00',0,_binary '\0',0,0,'eaeb3815-40e8-4bd5-86e2-1c91482f8c68'),('master',60,300,60,NULL,NULL,NULL,_binary '',_binary '\0',0,NULL,'master',0,NULL,_binary '\0',_binary '\0',_binary '\0',_binary '\0','EXTERNAL',1800,36000,_binary '\0',_binary '\0','ce1f4bb4-7098-42c0-9364-1bd9cab94cca',1800,_binary '\0',NULL,_binary '\0',_binary '\0',_binary '\0',_binary '\0',0,1,30,6,'HmacSHA1','totp','3ba2d195-347b-45e5-b9ef-e45e0497da53','1ba221c9-1a4b-4cf4-bc36-dc9520fdbbf4','30c6a256-79e9-4192-b5c1-3db9826c4ee8','13cc5645-b27f-4a87-8807-d3094162d708','f598bf67-3e85-4a33-813a-138c5187e444',2592000,_binary '\0',900,_binary '',_binary '\0','8a8283c7-f134-459d-8533-6d28156462ed',0,_binary '\0',0,0,'9f814318-76b5-4c39-ad8f-0f32aca23424');
/*!40000 ALTER TABLE `REALM` ENABLE KEYS */;
UNLOCK TABLES;

--
-- Dumping data for table `REALM_ATTRIBUTE`
--

LOCK TABLES `REALM_ATTRIBUTE` WRITE;
/*!40000 ALTER TABLE `REALM_ATTRIBUTE` DISABLE KEYS */;
INSERT INTO `REALM_ATTRIBUTE` VALUES ('_browser_header.contentSecurityPolicy','JCP','frame-src \'self\'; frame-ancestors \'self\'; object-src \'none\';'),('_browser_header.contentSecurityPolicy','master','frame-src \'self\'; frame-ancestors \'self\'; object-src \'none\';'),('_browser_header.contentSecurityPolicyReportOnly','JCP',''),('_browser_header.contentSecurityPolicyReportOnly','master',''),('_browser_header.strictTransportSecurity','JCP','max-age=31536000; includeSubDomains'),('_browser_header.strictTransportSecurity','master','max-age=31536000; includeSubDomains'),('_browser_header.xContentTypeOptions','JCP','nosniff'),('_browser_header.xContentTypeOptions','master','nosniff'),('_browser_header.xFrameOptions','JCP','SAMEORIGIN'),('_browser_header.xFrameOptions','master','SAMEORIGIN'),('_browser_header.xRobotsTag','JCP','none'),('_browser_header.xRobotsTag','master','none'),('_browser_header.xXSSProtection','JCP','1; mode=block'),('_browser_header.xXSSProtection','master','1; mode=block'),('actionTokenGeneratedByAdminLifespan','JCP','43200'),('actionTokenGeneratedByAdminLifespan','master','43200'),('actionTokenGeneratedByUserLifespan','JCP','300'),('actionTokenGeneratedByUserLifespan','master','300'),('bruteForceProtected','JCP','false'),('bruteForceProtected','master','false'),('cibaAuthRequestedUserHint','JCP','login_hint'),('cibaBackchannelTokenDeliveryMode','JCP','poll'),('cibaExpiresIn','JCP','120'),('cibaInterval','JCP','5'),('client-policies.policies','JCP','{\"policies\":[]}'),('client-policies.policies','master','{\"policies\":[]}'),('client-policies.profiles','JCP','{\"profiles\":[]}'),('client-policies.profiles','master','{\"profiles\":[]}'),('clientOfflineSessionIdleTimeout','JCP','0'),('clientOfflineSessionIdleTimeout','master','0'),('clientOfflineSessionMaxLifespan','JCP','0'),('clientOfflineSessionMaxLifespan','master','0'),('clientSessionIdleTimeout','JCP','0'),('clientSessionIdleTimeout','master','0'),('clientSessionMaxLifespan','JCP','0'),('clientSessionMaxLifespan','master','0'),('displayName','JCP','John Cloud Platform'),('displayName','master','Keycloak'),('displayNameHtml','JCP','John Cloud Platform'),('displayNameHtml','master','<div class=\"kc-logo-text\"><span>Keycloak</span></div>'),('failureFactor','JCP','30'),('failureFactor','master','30'),('maxDeltaTimeSeconds','JCP','43200'),('maxDeltaTimeSeconds','master','43200'),('maxFailureWaitSeconds','JCP','900'),('maxFailureWaitSeconds','master','900'),('minimumQuickLoginWaitSeconds','JCP','60'),('minimumQuickLoginWaitSeconds','master','60'),('oauth2DeviceCodeLifespan','JCP','600'),('oauth2DevicePollingInterval','JCP','600'),('offlineSessionMaxLifespan','JCP','5184000'),('offlineSessionMaxLifespan','master','5184000'),('offlineSessionMaxLifespanEnabled','JCP','false'),('offlineSessionMaxLifespanEnabled','master','false'),('permanentLockout','JCP','false'),('permanentLockout','master','false'),('quickLoginCheckMilliSeconds','JCP','1000'),('quickLoginCheckMilliSeconds','master','1000'),('waitIncrementSeconds','JCP','60'),('waitIncrementSeconds','master','60'),('webAuthnPolicyAttestationConveyancePreference','JCP','not specified'),('webAuthnPolicyAttestationConveyancePreference','master','not specified'),('webAuthnPolicyAttestationConveyancePreferencePasswordless','JCP','not specified'),('webAuthnPolicyAttestationConveyancePreferencePasswordless','master','not specified'),('webAuthnPolicyAuthenticatorAttachment','JCP','not specified'),('webAuthnPolicyAuthenticatorAttachment','master','not specified'),('webAuthnPolicyAuthenticatorAttachmentPasswordless','JCP','not specified'),('webAuthnPolicyAuthenticatorAttachmentPasswordless','master','not specified'),('webAuthnPolicyAvoidSameAuthenticatorRegister','JCP','false'),('webAuthnPolicyAvoidSameAuthenticatorRegister','master','false'),('webAuthnPolicyAvoidSameAuthenticatorRegisterPasswordless','JCP','false'),('webAuthnPolicyAvoidSameAuthenticatorRegisterPasswordless','master','false'),('webAuthnPolicyCreateTimeout','JCP','0'),('webAuthnPolicyCreateTimeout','master','0'),('webAuthnPolicyCreateTimeoutPasswordless','JCP','0'),('webAuthnPolicyCreateTimeoutPasswordless','master','0'),('webAuthnPolicyRequireResidentKey','JCP','not specified'),('webAuthnPolicyRequireResidentKey','master','not specified'),('webAuthnPolicyRequireResidentKeyPasswordless','JCP','not specified'),('webAuthnPolicyRequireResidentKeyPasswordless','master','not specified'),('webAuthnPolicyRpEntityName','JCP','keycloak'),('webAuthnPolicyRpEntityName','master','keycloak'),('webAuthnPolicyRpEntityNamePasswordless','JCP','keycloak'),('webAuthnPolicyRpEntityNamePasswordless','master','keycloak'),('webAuthnPolicyRpId','JCP',''),('webAuthnPolicyRpId','master',''),('webAuthnPolicyRpIdPasswordless','JCP',''),('webAuthnPolicyRpIdPasswordless','master',''),('webAuthnPolicySignatureAlgorithms','JCP','ES256'),('webAuthnPolicySignatureAlgorithms','master','ES256'),('webAuthnPolicySignatureAlgorithmsPasswordless','JCP','ES256'),('webAuthnPolicySignatureAlgorithmsPasswordless','master','ES256'),('webAuthnPolicyUserVerificationRequirement','JCP','not specified'),('webAuthnPolicyUserVerificationRequirement','master','not specified'),('webAuthnPolicyUserVerificationRequirementPasswordless','JCP','not specified'),('webAuthnPolicyUserVerificationRequirementPasswordless','master','not specified');
/*!40000 ALTER TABLE `REALM_ATTRIBUTE` ENABLE KEYS */;
UNLOCK TABLES;

--
-- Dumping data for table `REALM_DEFAULT_GROUPS`
--

LOCK TABLES `REALM_DEFAULT_GROUPS` WRITE;
/*!40000 ALTER TABLE `REALM_DEFAULT_GROUPS` DISABLE KEYS */;
/*!40000 ALTER TABLE `REALM_DEFAULT_GROUPS` ENABLE KEYS */;
UNLOCK TABLES;

--
-- Dumping data for table `REALM_ENABLED_EVENT_TYPES`
--

LOCK TABLES `REALM_ENABLED_EVENT_TYPES` WRITE;
/*!40000 ALTER TABLE `REALM_ENABLED_EVENT_TYPES` DISABLE KEYS */;
/*!40000 ALTER TABLE `REALM_ENABLED_EVENT_TYPES` ENABLE KEYS */;
UNLOCK TABLES;

--
-- Dumping data for table `REALM_EVENTS_LISTENERS`
--

LOCK TABLES `REALM_EVENTS_LISTENERS` WRITE;
/*!40000 ALTER TABLE `REALM_EVENTS_LISTENERS` DISABLE KEYS */;
INSERT INTO `REALM_EVENTS_LISTENERS` VALUES ('JCP','jboss-logging'),('master','jboss-logging');
/*!40000 ALTER TABLE `REALM_EVENTS_LISTENERS` ENABLE KEYS */;
UNLOCK TABLES;

--
-- Dumping data for table `REALM_LOCALIZATIONS`
--

LOCK TABLES `REALM_LOCALIZATIONS` WRITE;
/*!40000 ALTER TABLE `REALM_LOCALIZATIONS` DISABLE KEYS */;
/*!40000 ALTER TABLE `REALM_LOCALIZATIONS` ENABLE KEYS */;
UNLOCK TABLES;

--
-- Dumping data for table `REALM_REQUIRED_CREDENTIAL`
--

LOCK TABLES `REALM_REQUIRED_CREDENTIAL` WRITE;
/*!40000 ALTER TABLE `REALM_REQUIRED_CREDENTIAL` DISABLE KEYS */;
INSERT INTO `REALM_REQUIRED_CREDENTIAL` VALUES ('password','password',_binary '',_binary '','JCP'),('password','password',_binary '',_binary '','master');
/*!40000 ALTER TABLE `REALM_REQUIRED_CREDENTIAL` ENABLE KEYS */;
UNLOCK TABLES;

--
-- Dumping data for table `REALM_SMTP_CONFIG`
--

LOCK TABLES `REALM_SMTP_CONFIG` WRITE;
/*!40000 ALTER TABLE `REALM_SMTP_CONFIG` DISABLE KEYS */;
INSERT INTO `REALM_SMTP_CONFIG` VALUES ('JCP','true','auth'),('JCP','registrations@johnosproject.com','from'),('JCP','JCP Auth Service','fromDisplayName'),('JCP','zzz','host'),('JCP','yyyyyy','password'),('JCP','587','port'),('JCP','registrations@johnosproject.com','replyTo'),('JCP','JCP Auth Service','replyToDisplayName'),('JCP','false','ssl'),('JCP','false','starttls'),('JCP','xxxxxx','user');
/*!40000 ALTER TABLE `REALM_SMTP_CONFIG` ENABLE KEYS */;
UNLOCK TABLES;

--
-- Dumping data for table `REALM_SUPPORTED_LOCALES`
--

LOCK TABLES `REALM_SUPPORTED_LOCALES` WRITE;
/*!40000 ALTER TABLE `REALM_SUPPORTED_LOCALES` DISABLE KEYS */;
/*!40000 ALTER TABLE `REALM_SUPPORTED_LOCALES` ENABLE KEYS */;
UNLOCK TABLES;

--
-- Dumping data for table `REDIRECT_URIS`
--

LOCK TABLES `REDIRECT_URIS` WRITE;
/*!40000 ALTER TABLE `REDIRECT_URIS` DISABLE KEYS */;
INSERT INTO `REDIRECT_URIS` VALUES ('0d8fe07a-66a2-46ea-8867-81b96994a771','/realms/master/account/*'),('0f5346de-6194-49d8-92e0-7e69f25d11b2','*'),('1b39ee03-3f65-4e3a-be77-0e7739801006','/admin/master/console/*'),('3564bc5d-4650-4265-ab07-ab107580c915','https://localhost:9001/*'),('3aa884c4-dffd-498c-8056-6f75e1eb953a','/admin/jcp/console/*'),('668cefc1-9844-43a3-bad2-00a21e312aed','/realms/JCP/account/*'),('66baa3bb-c393-473f-849b-29833cd002bc','https://apis-stage.johnosproject.org/*'),('66baa3bb-c393-473f-849b-29833cd002bc','https://localhost:9000/*'),('66baa3bb-c393-473f-849b-29833cd002bc','https://localhost:9001/*'),('79e472b0-e562-4535-a516-db7d7696a447','*'),('b7ecfc11-c730-4b0c-88e3-7be2d41c0a2f','https://jsl-stage.johnosproject.org/*'),('b7ecfc11-c730-4b0c-88e3-7be2d41c0a2f','https://localhost:9000/*'),('b7ecfc11-c730-4b0c-88e3-7be2d41c0a2f','https://localhost:9003/*'),('d17936ea-07bf-4c15-8782-5d59451d39f9','/realms/jcp/account/*'),('d3d4f650-2747-45cf-8c29-5edf022500f5','/realms/master/account/*'),('daeadaae-20ea-41fe-9659-200c082b455d','*'),('f0c51c27-5fa8-4b21-9e5d-83d7c2a1d501','https://gws-stage.johnosproject.org/*'),('f0c51c27-5fa8-4b21-9e5d-83d7c2a1d501','https://localhost:9000/*'),('f0c51c27-5fa8-4b21-9e5d-83d7c2a1d501','https://localhost:9002/*'),('fdb6d027-9e63-4327-a35b-611c48832b36','*');
/*!40000 ALTER TABLE `REDIRECT_URIS` ENABLE KEYS */;
UNLOCK TABLES;

--
-- Dumping data for table `REQUIRED_ACTION_CONFIG`
--

LOCK TABLES `REQUIRED_ACTION_CONFIG` WRITE;
/*!40000 ALTER TABLE `REQUIRED_ACTION_CONFIG` DISABLE KEYS */;
/*!40000 ALTER TABLE `REQUIRED_ACTION_CONFIG` ENABLE KEYS */;
UNLOCK TABLES;

--
-- Dumping data for table `REQUIRED_ACTION_PROVIDER`
--

LOCK TABLES `REQUIRED_ACTION_PROVIDER` WRITE;
/*!40000 ALTER TABLE `REQUIRED_ACTION_PROVIDER` DISABLE KEYS */;
INSERT INTO `REQUIRED_ACTION_PROVIDER` VALUES ('076cd2b7-ef41-41f8-9d5f-528c9568305e','VERIFY_EMAIL','Verify Email','JCP',_binary '',_binary '\0','VERIFY_EMAIL',50),('12596e18-0d44-4d07-a57a-09e182fe6188','update_user_locale','Update User Locale','JCP',_binary '',_binary '\0','update_user_locale',1000),('395fcb7e-d15d-4bc1-abb5-6ff60fc944e0','CONFIGURE_TOTP','Configure OTP','JCP',_binary '',_binary '\0','CONFIGURE_TOTP',10),('416a4acc-be60-4539-af97-8fa58ebcb26f','delete_account','Delete Account','JCP',_binary '\0',_binary '\0','delete_account',60),('54a05352-c4c2-48fe-b219-4e3fc1fd8192','update_user_locale','Update User Locale','master',_binary '',_binary '\0','update_user_locale',1000),('55dba402-2256-432d-9bf5-f56e6ea3f329','UPDATE_PROFILE','Update Profile','JCP',_binary '',_binary '\0','UPDATE_PROFILE',40),('5617358a-3277-4362-a192-1dd1e0f40b26','CONFIGURE_TOTP','Configure OTP','master',_binary '',_binary '\0','CONFIGURE_TOTP',10),('6b92e463-f3b0-4360-9c84-54cfbcfe80e4','delete_account','Delete Account','master',_binary '\0',_binary '\0','delete_account',60),('9849950c-b4ae-48da-a9e7-129792919f28','VERIFY_EMAIL','Verify Email','master',_binary '',_binary '\0','VERIFY_EMAIL',50),('99e21c12-3fa9-4799-8feb-88c204275b21','UPDATE_PASSWORD','Update Password','JCP',_binary '',_binary '\0','UPDATE_PASSWORD',30),('cf3d7eac-3856-4cc4-b6f8-c9d2bb6619c3','UPDATE_PASSWORD','Update Password','master',_binary '',_binary '\0','UPDATE_PASSWORD',30),('cf97fe50-0962-4937-96ee-6f86b053ba86','terms_and_conditions','Terms and Conditions','master',_binary '\0',_binary '\0','terms_and_conditions',20),('d712fb80-0449-4453-97a4-544c0ab96195','UPDATE_PROFILE','Update Profile','master',_binary '',_binary '\0','UPDATE_PROFILE',40),('ee1385c7-c8fa-44f7-9312-7d7a68b144dc','terms_and_conditions','Terms and Conditions','JCP',_binary '\0',_binary '\0','terms_and_conditions',20);
/*!40000 ALTER TABLE `REQUIRED_ACTION_PROVIDER` ENABLE KEYS */;
UNLOCK TABLES;

--
-- Dumping data for table `RESOURCE_ATTRIBUTE`
--

LOCK TABLES `RESOURCE_ATTRIBUTE` WRITE;
/*!40000 ALTER TABLE `RESOURCE_ATTRIBUTE` DISABLE KEYS */;
/*!40000 ALTER TABLE `RESOURCE_ATTRIBUTE` ENABLE KEYS */;
UNLOCK TABLES;

--
-- Dumping data for table `RESOURCE_POLICY`
--

LOCK TABLES `RESOURCE_POLICY` WRITE;
/*!40000 ALTER TABLE `RESOURCE_POLICY` DISABLE KEYS */;
/*!40000 ALTER TABLE `RESOURCE_POLICY` ENABLE KEYS */;
UNLOCK TABLES;

--
-- Dumping data for table `RESOURCE_SCOPE`
--

LOCK TABLES `RESOURCE_SCOPE` WRITE;
/*!40000 ALTER TABLE `RESOURCE_SCOPE` DISABLE KEYS */;
/*!40000 ALTER TABLE `RESOURCE_SCOPE` ENABLE KEYS */;
UNLOCK TABLES;

--
-- Dumping data for table `RESOURCE_SERVER`
--

LOCK TABLES `RESOURCE_SERVER` WRITE;
/*!40000 ALTER TABLE `RESOURCE_SERVER` DISABLE KEYS */;
/*!40000 ALTER TABLE `RESOURCE_SERVER` ENABLE KEYS */;
UNLOCK TABLES;

--
-- Dumping data for table `RESOURCE_SERVER_PERM_TICKET`
--

LOCK TABLES `RESOURCE_SERVER_PERM_TICKET` WRITE;
/*!40000 ALTER TABLE `RESOURCE_SERVER_PERM_TICKET` DISABLE KEYS */;
/*!40000 ALTER TABLE `RESOURCE_SERVER_PERM_TICKET` ENABLE KEYS */;
UNLOCK TABLES;

--
-- Dumping data for table `RESOURCE_SERVER_POLICY`
--

LOCK TABLES `RESOURCE_SERVER_POLICY` WRITE;
/*!40000 ALTER TABLE `RESOURCE_SERVER_POLICY` DISABLE KEYS */;
/*!40000 ALTER TABLE `RESOURCE_SERVER_POLICY` ENABLE KEYS */;
UNLOCK TABLES;

--
-- Dumping data for table `RESOURCE_SERVER_RESOURCE`
--

LOCK TABLES `RESOURCE_SERVER_RESOURCE` WRITE;
/*!40000 ALTER TABLE `RESOURCE_SERVER_RESOURCE` DISABLE KEYS */;
/*!40000 ALTER TABLE `RESOURCE_SERVER_RESOURCE` ENABLE KEYS */;
UNLOCK TABLES;

--
-- Dumping data for table `RESOURCE_SERVER_SCOPE`
--

LOCK TABLES `RESOURCE_SERVER_SCOPE` WRITE;
/*!40000 ALTER TABLE `RESOURCE_SERVER_SCOPE` DISABLE KEYS */;
/*!40000 ALTER TABLE `RESOURCE_SERVER_SCOPE` ENABLE KEYS */;
UNLOCK TABLES;

--
-- Dumping data for table `RESOURCE_URIS`
--

LOCK TABLES `RESOURCE_URIS` WRITE;
/*!40000 ALTER TABLE `RESOURCE_URIS` DISABLE KEYS */;
/*!40000 ALTER TABLE `RESOURCE_URIS` ENABLE KEYS */;
UNLOCK TABLES;

--
-- Dumping data for table `ROLE_ATTRIBUTE`
--

LOCK TABLES `ROLE_ATTRIBUTE` WRITE;
/*!40000 ALTER TABLE `ROLE_ATTRIBUTE` DISABLE KEYS */;
/*!40000 ALTER TABLE `ROLE_ATTRIBUTE` ENABLE KEYS */;
UNLOCK TABLES;

--
-- Dumping data for table `SCOPE_MAPPING`
--

LOCK TABLES `SCOPE_MAPPING` WRITE;
/*!40000 ALTER TABLE `SCOPE_MAPPING` DISABLE KEYS */;
INSERT INTO `SCOPE_MAPPING` VALUES ('0d8fe07a-66a2-46ea-8867-81b96994a771','bcf9f2ec-2d06-4369-bec8-81d3cff75efd'),('668cefc1-9844-43a3-bad2-00a21e312aed','f66031c1-bbfc-4770-987c-e9fe2af07f9c');
/*!40000 ALTER TABLE `SCOPE_MAPPING` ENABLE KEYS */;
UNLOCK TABLES;

--
-- Dumping data for table `SCOPE_POLICY`
--

LOCK TABLES `SCOPE_POLICY` WRITE;
/*!40000 ALTER TABLE `SCOPE_POLICY` DISABLE KEYS */;
/*!40000 ALTER TABLE `SCOPE_POLICY` ENABLE KEYS */;
UNLOCK TABLES;

--
-- Dumping data for table `USER_ATTRIBUTE`
--

LOCK TABLES `USER_ATTRIBUTE` WRITE;
/*!40000 ALTER TABLE `USER_ATTRIBUTE` DISABLE KEYS */;
/*!40000 ALTER TABLE `USER_ATTRIBUTE` ENABLE KEYS */;
UNLOCK TABLES;

--
-- Dumping data for table `USER_CONSENT`
--

LOCK TABLES `USER_CONSENT` WRITE;
/*!40000 ALTER TABLE `USER_CONSENT` DISABLE KEYS */;
/*!40000 ALTER TABLE `USER_CONSENT` ENABLE KEYS */;
UNLOCK TABLES;

--
-- Dumping data for table `USER_CONSENT_CLIENT_SCOPE`
--

LOCK TABLES `USER_CONSENT_CLIENT_SCOPE` WRITE;
/*!40000 ALTER TABLE `USER_CONSENT_CLIENT_SCOPE` DISABLE KEYS */;
/*!40000 ALTER TABLE `USER_CONSENT_CLIENT_SCOPE` ENABLE KEYS */;
UNLOCK TABLES;

--
-- Dumping data for table `USER_ENTITY`
--

LOCK TABLES `USER_ENTITY` WRITE;
/*!40000 ALTER TABLE `USER_ENTITY` DISABLE KEYS */;
INSERT INTO `USER_ENTITY` VALUES ('0ebd7757-5c7d-4d71-8a79-dc5ed3300b5f',NULL,'01802c43-da0c-4578-b87d-ed75631fc782',_binary '\0',_binary '',NULL,NULL,NULL,'master','admin',1601396439083,NULL,0),('11762374-13ab-4c5c-b86b-a720f564571e',NULL,'4f417a10-b03e-4a04-b772-39cc30f4c202',_binary '\0',_binary '',NULL,NULL,NULL,'JCP','service-account-test-client-obj',1583750956826,'3564bc5d-4650-4265-ab07-ab107580c915',0),('3d6bd9ed-8d63-43d6-a465-dbe9029e04c8','usr_mng@mail.com','usr_mng@mail.com',_binary '',_binary '',NULL,'Manager','User','JCP','usr_mng',1583603873753,NULL,0),('67de275c-1861-4e86-8e03-2ef643c8a592','usr_std@gmail.com','usr_std@gmail.com',_binary '',_binary '',NULL,'Standard','User','JCP','usr_std',1583746021581,NULL,0),('99458d75-8fde-4b5b-94fc-9ec8e0e31ed9',NULL,'6bf2a652-3c5f-4d0e-ad6d-1ce37200e2a7',_binary '\0',_binary '',NULL,NULL,NULL,'JCP','service-account-jcp-gws',1606373218298,'f0c51c27-5fa8-4b21-9e5d-83d7c2a1d501',0),('d1ef3618-7b27-4cd8-a465-389f52b6ddff',NULL,'876b03be-77d8-47be-82c6-4664dcdf1b8f',_binary '\0',_binary '',NULL,NULL,NULL,'JCP','service-account-test-client-srv',1594117616632,'79e472b0-e562-4535-a516-db7d7696a447',0),('db199737-0cfd-427b-aa6b-47ab70a16631',NULL,'b0332d84-8ec6-4c80-b588-0b312e3a3bcb',_binary '\0',_binary '',NULL,NULL,NULL,'JCP','service-account-jcp-jsl-web-bridge',1606373300845,'b7ecfc11-c730-4b0c-88e3-7be2d41c0a2f',0),('f327678c-a425-4833-9bda-bc292d248edc',NULL,'37c7435e-17dc-40bc-aff1-62f53cbc3e1f',_binary '\0',_binary '',NULL,NULL,NULL,'JCP','service-account-jcp-fe',1597063943472,'fdb6d027-9e63-4327-a35b-611c48832b36',0),('f9280be1-0e2e-447b-85b7-886ef03c36d6',NULL,'4acbfa3a-472c-4309-9af5-1dd2f9692e01',_binary '\0',_binary '',NULL,NULL,NULL,'JCP','service-account-jcp-all',1606918963990,'daeadaae-20ea-41fe-9659-200c082b455d',0),('fa6fd8f7-558a-4726-a18f-a1a78da2ddbb',NULL,'8872c838-4a39-4bcb-af0b-5ce894b3ca4c',_binary '\0',_binary '',NULL,NULL,NULL,'JCP','service-account-jcp-apis',1606373145852,'66baa3bb-c393-473f-849b-29833cd002bc',0);
/*!40000 ALTER TABLE `USER_ENTITY` ENABLE KEYS */;
UNLOCK TABLES;

--
-- Dumping data for table `USER_FEDERATION_CONFIG`
--

LOCK TABLES `USER_FEDERATION_CONFIG` WRITE;
/*!40000 ALTER TABLE `USER_FEDERATION_CONFIG` DISABLE KEYS */;
/*!40000 ALTER TABLE `USER_FEDERATION_CONFIG` ENABLE KEYS */;
UNLOCK TABLES;

--
-- Dumping data for table `USER_FEDERATION_MAPPER`
--

LOCK TABLES `USER_FEDERATION_MAPPER` WRITE;
/*!40000 ALTER TABLE `USER_FEDERATION_MAPPER` DISABLE KEYS */;
/*!40000 ALTER TABLE `USER_FEDERATION_MAPPER` ENABLE KEYS */;
UNLOCK TABLES;

--
-- Dumping data for table `USER_FEDERATION_MAPPER_CONFIG`
--

LOCK TABLES `USER_FEDERATION_MAPPER_CONFIG` WRITE;
/*!40000 ALTER TABLE `USER_FEDERATION_MAPPER_CONFIG` DISABLE KEYS */;
/*!40000 ALTER TABLE `USER_FEDERATION_MAPPER_CONFIG` ENABLE KEYS */;
UNLOCK TABLES;

--
-- Dumping data for table `USER_FEDERATION_PROVIDER`
--

LOCK TABLES `USER_FEDERATION_PROVIDER` WRITE;
/*!40000 ALTER TABLE `USER_FEDERATION_PROVIDER` DISABLE KEYS */;
/*!40000 ALTER TABLE `USER_FEDERATION_PROVIDER` ENABLE KEYS */;
UNLOCK TABLES;

--
-- Dumping data for table `USER_GROUP_MEMBERSHIP`
--

LOCK TABLES `USER_GROUP_MEMBERSHIP` WRITE;
/*!40000 ALTER TABLE `USER_GROUP_MEMBERSHIP` DISABLE KEYS */;
/*!40000 ALTER TABLE `USER_GROUP_MEMBERSHIP` ENABLE KEYS */;
UNLOCK TABLES;

--
-- Dumping data for table `USER_REQUIRED_ACTION`
--

LOCK TABLES `USER_REQUIRED_ACTION` WRITE;
/*!40000 ALTER TABLE `USER_REQUIRED_ACTION` DISABLE KEYS */;
/*!40000 ALTER TABLE `USER_REQUIRED_ACTION` ENABLE KEYS */;
UNLOCK TABLES;

--
-- Dumping data for table `USER_ROLE_MAPPING`
--

LOCK TABLES `USER_ROLE_MAPPING` WRITE;
/*!40000 ALTER TABLE `USER_ROLE_MAPPING` DISABLE KEYS */;
INSERT INTO `USER_ROLE_MAPPING` VALUES ('00adc320-635e-46a4-a904-dea47d4dfa2f','0ebd7757-5c7d-4d71-8a79-dc5ed3300b5f'),('030c7cb3-1c27-40a8-9e71-cae9dee7d38e','0ebd7757-5c7d-4d71-8a79-dc5ed3300b5f'),('569e57a3-b040-4390-b809-7b61d9aca4cc','0ebd7757-5c7d-4d71-8a79-dc5ed3300b5f'),('bcf9f2ec-2d06-4369-bec8-81d3cff75efd','0ebd7757-5c7d-4d71-8a79-dc5ed3300b5f'),('e1658c63-7f68-4467-bf28-2c55514ffd42','0ebd7757-5c7d-4d71-8a79-dc5ed3300b5f'),('69be001f-dd39-4ed6-8f41-6cf760338d33','11762374-13ab-4c5c-b86b-a720f564571e'),('f5cf0caf-a20b-4a5a-a8eb-3f232e68eff1','11762374-13ab-4c5c-b86b-a720f564571e'),('f66031c1-bbfc-4770-987c-e9fe2af07f9c','11762374-13ab-4c5c-b86b-a720f564571e'),('f87d3271-627e-4963-bb96-6ed2bda3ee89','11762374-13ab-4c5c-b86b-a720f564571e'),('69be001f-dd39-4ed6-8f41-6cf760338d33','3d6bd9ed-8d63-43d6-a465-dbe9029e04c8'),('e1e5349d-8bb4-47b7-8c7b-9af997ff70f3','3d6bd9ed-8d63-43d6-a465-dbe9029e04c8'),('f66031c1-bbfc-4770-987c-e9fe2af07f9c','3d6bd9ed-8d63-43d6-a465-dbe9029e04c8'),('f87d3271-627e-4963-bb96-6ed2bda3ee89','3d6bd9ed-8d63-43d6-a465-dbe9029e04c8'),('69be001f-dd39-4ed6-8f41-6cf760338d33','67de275c-1861-4e86-8e03-2ef643c8a592'),('f66031c1-bbfc-4770-987c-e9fe2af07f9c','67de275c-1861-4e86-8e03-2ef643c8a592'),('f87d3271-627e-4963-bb96-6ed2bda3ee89','67de275c-1861-4e86-8e03-2ef643c8a592'),('69be001f-dd39-4ed6-8f41-6cf760338d33','99458d75-8fde-4b5b-94fc-9ec8e0e31ed9'),('f66031c1-bbfc-4770-987c-e9fe2af07f9c','99458d75-8fde-4b5b-94fc-9ec8e0e31ed9'),('f87d3271-627e-4963-bb96-6ed2bda3ee89','99458d75-8fde-4b5b-94fc-9ec8e0e31ed9'),('69be001f-dd39-4ed6-8f41-6cf760338d33','d1ef3618-7b27-4cd8-a465-389f52b6ddff'),('f66031c1-bbfc-4770-987c-e9fe2af07f9c','d1ef3618-7b27-4cd8-a465-389f52b6ddff'),('f87d3271-627e-4963-bb96-6ed2bda3ee89','d1ef3618-7b27-4cd8-a465-389f52b6ddff'),('69be001f-dd39-4ed6-8f41-6cf760338d33','db199737-0cfd-427b-aa6b-47ab70a16631'),('f66031c1-bbfc-4770-987c-e9fe2af07f9c','db199737-0cfd-427b-aa6b-47ab70a16631'),('f87d3271-627e-4963-bb96-6ed2bda3ee89','db199737-0cfd-427b-aa6b-47ab70a16631'),('69be001f-dd39-4ed6-8f41-6cf760338d33','f327678c-a425-4833-9bda-bc292d248edc'),('f66031c1-bbfc-4770-987c-e9fe2af07f9c','f327678c-a425-4833-9bda-bc292d248edc'),('f87d3271-627e-4963-bb96-6ed2bda3ee89','f327678c-a425-4833-9bda-bc292d248edc'),('69be001f-dd39-4ed6-8f41-6cf760338d33','f9280be1-0e2e-447b-85b7-886ef03c36d6'),('b1be621d-3137-4c1c-92cc-c3ec79f9a03b','f9280be1-0e2e-447b-85b7-886ef03c36d6'),('f66031c1-bbfc-4770-987c-e9fe2af07f9c','f9280be1-0e2e-447b-85b7-886ef03c36d6'),('f87d3271-627e-4963-bb96-6ed2bda3ee89','f9280be1-0e2e-447b-85b7-886ef03c36d6'),('69be001f-dd39-4ed6-8f41-6cf760338d33','fa6fd8f7-558a-4726-a18f-a1a78da2ddbb'),('b1be621d-3137-4c1c-92cc-c3ec79f9a03b','fa6fd8f7-558a-4726-a18f-a1a78da2ddbb'),('f66031c1-bbfc-4770-987c-e9fe2af07f9c','fa6fd8f7-558a-4726-a18f-a1a78da2ddbb'),('f87d3271-627e-4963-bb96-6ed2bda3ee89','fa6fd8f7-558a-4726-a18f-a1a78da2ddbb');
/*!40000 ALTER TABLE `USER_ROLE_MAPPING` ENABLE KEYS */;
UNLOCK TABLES;

--
-- Dumping data for table `USER_SESSION`
--

LOCK TABLES `USER_SESSION` WRITE;
/*!40000 ALTER TABLE `USER_SESSION` DISABLE KEYS */;
/*!40000 ALTER TABLE `USER_SESSION` ENABLE KEYS */;
UNLOCK TABLES;

--
-- Dumping data for table `USER_SESSION_NOTE`
--

LOCK TABLES `USER_SESSION_NOTE` WRITE;
/*!40000 ALTER TABLE `USER_SESSION_NOTE` DISABLE KEYS */;
/*!40000 ALTER TABLE `USER_SESSION_NOTE` ENABLE KEYS */;
UNLOCK TABLES;

--
-- Dumping data for table `USERNAME_LOGIN_FAILURE`
--

LOCK TABLES `USERNAME_LOGIN_FAILURE` WRITE;
/*!40000 ALTER TABLE `USERNAME_LOGIN_FAILURE` DISABLE KEYS */;
/*!40000 ALTER TABLE `USERNAME_LOGIN_FAILURE` ENABLE KEYS */;
UNLOCK TABLES;

--
-- Dumping data for table `WEB_ORIGINS`
--

LOCK TABLES `WEB_ORIGINS` WRITE;
/*!40000 ALTER TABLE `WEB_ORIGINS` DISABLE KEYS */;
INSERT INTO `WEB_ORIGINS` VALUES ('0f5346de-6194-49d8-92e0-7e69f25d11b2','https://localhost:9001'),('1b39ee03-3f65-4e3a-be77-0e7739801006','+'),('3564bc5d-4650-4265-ab07-ab107580c915','https://localhost:9001'),('3aa884c4-dffd-498c-8056-6f75e1eb953a','+'),('66baa3bb-c393-473f-849b-29833cd002bc','https://localhost:9001'),('79e472b0-e562-4535-a516-db7d7696a447','https://localhost:8080'),('b7ecfc11-c730-4b0c-88e3-7be2d41c0a2f','https://localhost:9003'),('daeadaae-20ea-41fe-9659-200c082b455d','https://localhost:9000'),('f0c51c27-5fa8-4b21-9e5d-83d7c2a1d501','https://localhost:9002'),('fdb6d027-9e63-4327-a35b-611c48832b36','https://localhost:9004');
/*!40000 ALTER TABLE `WEB_ORIGINS` ENABLE KEYS */;
UNLOCK TABLES;
/*!40103 SET TIME_ZONE=@OLD_TIME_ZONE */;

/*!40101 SET SQL_MODE=@OLD_SQL_MODE */;
/*!40014 SET FOREIGN_KEY_CHECKS=@OLD_FOREIGN_KEY_CHECKS */;
/*!40014 SET UNIQUE_CHECKS=@OLD_UNIQUE_CHECKS */;
/*!40101 SET CHARACTER_SET_CLIENT=@OLD_CHARACTER_SET_CLIENT */;
/*!40101 SET CHARACTER_SET_RESULTS=@OLD_CHARACTER_SET_RESULTS */;
/*!40101 SET COLLATION_CONNECTION=@OLD_COLLATION_CONNECTION */;
/*!40111 SET SQL_NOTES=@OLD_SQL_NOTES */;

-- Dump completed on 2021-07-20 19:07:07
